"Date","Time","Pyrometer","NOx_GA01","Oxi_GA01","Kiln_inlet_temp","Prediction"
"8/28/2022","0:00:00","1421.3","1124.43","2.53","843.87","21"
"8/28/2022","0:01:00","1411.99","1069.71","1.19","826.78","21"
"8/28/2022","0:02:00","1418.74","1024.8","2.78","1016.21","21"
"8/28/2022","0:03:00","1401.24","1005.76","2.55","993.91","21"
"8/28/2022","0:04:00","1443.75","1139.28","1.45","778.69","21"
"8/28/2022","0:05:00","1409.04","1058.76","2.83","954.84","21"
"8/28/2022","0:06:00","1431.51","1160.85","2.54","863.33","21"
"8/28/2022","0:07:00","1425.78","1186.85","2.2","859.62","21"
"8/28/2022","0:08:00","1433.96","1016.88","1.51","921.56","21"
"8/28/2022","0:09:00","1442.62","1175.31","1.45","824.64","21"
"8/28/2022","0:10:00","1402.57","1040.84","1.32","823.4","21"
"8/28/2022","0:11:00","1439.02","1027.41","1.18","1041.19","21"
"8/28/2022","0:12:00","1422.65","1161.22","1.94","756.22","21"
"8/28/2022","0:13:00","1431.67","1106.68","2.76","1017.82","21"
"8/28/2022","0:14:00","1427.06","1160.23","1.44","767.59","21"
"8/28/2022","0:15:00","1439.64","1115.22","1.85","907.48","21"
"8/28/2022","0:16:00","1421.64","1195.15","2.53","976.09","21"
"8/28/2022","0:17:00","1420.34","1034.58","1.39","1045.11","21"
"8/28/2022","0:18:00","1426.63","1195.06","1.66","757.51","21"
"8/28/2022","0:19:00","1409.17","1081","3.27","817.64","21"
"8/28/2022","0:20:00","1400.01","1033.85","2.74","864.34","21"
"8/28/2022","0:21:00","1440.69","1090.61","1.87","963.71","21"
"8/28/2022","0:22:00","1442.19","1121.49","2.88","918.05","21"
"8/28/2022","0:23:00","1438.47","1009.35","3.3","927.84","21"
"8/28/2022","0:24:00","1414.36","1141.39","3.34","1013.81","21"
"8/28/2022","0:25:00","1441.71","1145.3","2.69","799.8","21"
"8/28/2022","0:26:00","1439.57","1053.57","2.51","925.35","21"
"8/28/2022","0:27:00","1429.07","1042.19","2.47","966.93","21"
"8/28/2022","0:28:00","1442.83","1030.36","1.01","782.75","21"
"8/28/2022","0:29:00","1405.18","1114.02","2.32","859.42","21"
"8/28/2022","0:30:00","1408.39","1009.63","2.51","998.06","21"
"8/28/2022","0:31:00","1414.33","1075.16","2.46","869.69","21"
"8/28/2022","0:32:00","1445.22","1039.75","2.5","1043.61","21"
"8/28/2022","0:33:00","1437.09","1181.98","1.16","761.44","21"
"8/28/2022","0:34:00","1424.06","1088.36","1.42","839.67","21"
"8/28/2022","0:35:00","1443.45","1107.51","2.65","926.66","21"
"8/28/2022","0:36:00","1444.87","1081.71","1.04","841.77","21"
"8/28/2022","0:37:00","1441.94","1190.93","1.25","753.9","21"
"8/28/2022","0:38:00","1430.53","1125.76","1.12","964.66","21"
"8/28/2022","0:39:00","1430.45","1009.17","2.41","803.69","21"
"8/28/2022","0:40:00","1444.45","1019.92","2.68","918.78","21"
"8/28/2022","0:41:00","1403.57","1195.63","3.33","945.74","21"
"8/28/2022","0:42:00","1425.37","1139.58","2.41","1031.75","21"
"8/28/2022","0:43:00","1444.97","1067.67","2.51","1008.99","21"
"8/28/2022","0:44:00","1448.52","1149.73","2.08","818.08","21"
"8/28/2022","0:45:00","1444.49","1002","3.33","828.59","21"
"8/28/2022","0:46:00","1445.44","1173.62","2.77","921.9","21"
"8/28/2022","0:47:00","1400.39","1172.03","2.84","969.68","21"
"8/28/2022","0:48:00","1408.55","1175.77","2.94","976.75","21"
"8/28/2022","0:49:00","1437.07","1095.02","1.71","901.33","21"
"8/28/2022","0:50:00","1405.08","1155.14","1.15","786.97","21"
"8/28/2022","0:51:00","1429.88","1163.43","2.1","842.66","21"
"8/28/2022","0:52:00","1432.81","1062.17","1.79","1002.05","21"
"8/28/2022","0:53:00","1404.17","1017.93","2.79","1049.59","21"
"8/28/2022","0:54:00","1425.36","1105.49","2.48","1003.95","21"
"8/28/2022","0:55:00","1428.97","1123.48","1.63","771.86","21"
"8/28/2022","0:56:00","1449.26","1058.31","1.8","1008","21"
"8/28/2022","0:57:00","1410.95","1008.76","3.24","1016.75","21"
"8/28/2022","0:58:00","1421.3","1174.26","2.74","882.42","21"
"8/28/2022","0:59:00","1412.51","1167.15","3.3","992.97","21"
"8/28/2022","1:00:00","1428.38","1144.75","1.68","960.98","21"
"8/28/2022","1:01:00","1413.06","1161.22","1.99","983.97","21"
"8/28/2022","1:02:00","1442.6","1025.87","1.28","962.29","21"
"8/28/2022","1:03:00","1421.24","1080.96","1.34","861.65","21"
"8/28/2022","1:04:00","1416.72","1062.6","2.7","992.03","21"
"8/28/2022","1:05:00","1413.64","1096.85","1.43","795.73","21"
"8/28/2022","1:06:00","1430.77","1186.17","1.3","976.19","21"
"8/28/2022","1:07:00","1402.79","1189.8","2.96","1027.94","21"
"8/28/2022","1:08:00","1436.57","1080.15","1.88","883.66","21"
"8/28/2022","1:09:00","1401.39","1178.92","1.79","808.08","21"
"8/28/2022","1:10:00","1426","1168.47","1.17","972.02","21"
"8/28/2022","1:11:00","1425.39","1173.18","1.7","798.35","21"
"8/28/2022","1:12:00","1444.47","1048.8","3.43","1018.02","21"
"8/28/2022","1:13:00","1410.46","1172.02","1.52","940.64","21"
"8/28/2022","1:14:00","1442.05","1080.81","1","994.77","21"
"8/28/2022","1:15:00","1419.79","1004.54","1.09","1011.37","21"
"8/28/2022","1:16:00","1414","1123.08","3.36","940.88","21"
"8/28/2022","1:17:00","1402.38","1068.02","3","903.66","21"
"8/28/2022","1:18:00","1443.54","1150.61","1.97","893.14","21"
"8/28/2022","1:19:00","1403.18","1172.13","2.13","955.76","21"
"8/28/2022","1:20:00","1411.03","1159.45","3.16","755.74","21"
"8/28/2022","1:21:00","1417.92","1029.36","3.11","1020.42","21"
"8/28/2022","1:22:00","1429.33","1101.25","2.44","928.12","21"
"8/28/2022","1:23:00","1408.8","1180.28","1.92","936.93","21"
"8/28/2022","1:24:00","1444.81","1075.8","1.43","765.75","21"
"8/28/2022","1:25:00","1424.1","1115.52","1.13","851.21","21"
"8/28/2022","1:26:00","1421.05","1109.14","1.04","957.57","21"
"8/28/2022","1:27:00","1435.75","1080.4","3.36","930.61","21"
"8/28/2022","1:28:00","1400.26","1107.61","2.59","921.43","21"
"8/28/2022","1:29:00","1414.95","1119.77","3.38","921.06","21"
"8/28/2022","1:30:00","1429.04","1069.5","1.7","942.47","21"
"8/28/2022","1:31:00","1441.79","1059.24","3.44","769.8","21"
"8/28/2022","1:32:00","1418.62","1122","3.45","767.2","21"
"8/28/2022","1:33:00","1409.24","1067.33","2.52","820.85","21"
"8/28/2022","1:34:00","1436.93","1109.09","1.11","1003.29","21"
"8/28/2022","1:35:00","1405.15","1105.55","2.69","932.63","21"
"8/28/2022","1:36:00","1429.33","1044.56","1.75","912.14","21"
"8/28/2022","1:37:00","1402.77","1108.26","2.73","782.91","21"
"8/28/2022","1:38:00","1444.24","1199.52","1.56","765.23","21"
"8/28/2022","1:39:00","1431.71","1157.7","1.65","783.07","21"
"8/28/2022","1:40:00","1425.24","1097.41","1.08","920.36","21"
"8/28/2022","1:41:00","1418.91","1020.1","3.18","991.78","21"
"8/28/2022","1:42:00","1408.2","1080.29","2.81","792.13","21"
"8/28/2022","1:43:00","1442.94","1197.26","2.38","928.62","21"
"8/28/2022","1:44:00","1403.68","1170.26","1.39","1030.58","21"
"8/28/2022","1:45:00","1423.91","1157.69","1.68","806.9","21"
"8/28/2022","1:46:00","1448.9","1098.41","1.53","849.29","21"
"8/28/2022","1:47:00","1446.28","1079.44","2.87","1031.83","21"
"8/28/2022","1:48:00","1412.75","1141.81","3.09","787.23","21"
"8/28/2022","1:49:00","1442.12","1022.41","2.62","929.37","21"
"8/28/2022","1:50:00","1430.37","1179.8","3.22","924.91","21"
"8/28/2022","1:51:00","1439.18","1090.51","1.37","930.06","21"
"8/28/2022","1:52:00","1411.01","1066.44","2.69","992.04","21"
"8/28/2022","1:53:00","1415.69","1082.07","2.69","812.91","21"
"8/28/2022","1:54:00","1421.57","1145.13","2.55","1032.44","21"
"8/28/2022","1:55:00","1430.57","1087.79","3.22","781.45","21"
"8/28/2022","1:56:00","1441.3","1134.6","1.11","765.86","21"
"8/28/2022","1:57:00","1403.64","1096.17","2.45","883.15","21"
"8/28/2022","1:58:00","1412.28","1030.85","2.55","751.71","21"
"8/28/2022","1:59:00","1429.83","1143.11","3.21","946.86","21"
"8/28/2022","2:00:00","1424.12","1031.67","3.46","967.36","21"
"8/28/2022","2:01:00","1445.67","1098.54","2.55","828.49","21"
"8/28/2022","2:02:00","1413.34","1137.25","2.42","815.96","21"
"8/28/2022","2:03:00","1414.49","1146.22","2.75","869.01","21"
"8/28/2022","2:04:00","1423.01","1112.29","3.34","911.05","21"
"8/28/2022","2:05:00","1426.69","1152.01","3.23","1007.01","21"
"8/28/2022","2:06:00","1414.82","1181.52","3.44","848.14","21"
"8/28/2022","2:07:00","1403.9","1174.53","2.73","999.4","21"
"8/28/2022","2:08:00","1443.43","1188.32","1.64","898.75","21"
"8/28/2022","2:09:00","1430.59","1179.36","2.97","988.61","21"
"8/28/2022","2:10:00","1424.36","1020.19","1.78","964.51","21"
"8/28/2022","2:11:00","1405.46","1020.35","1.87","821.65","21"
"8/28/2022","2:12:00","1415.8","1042.15","2.36","774.42","21"
"8/28/2022","2:13:00","1420.74","1145.66","2","875.39","21"
"8/28/2022","2:14:00","1447.62","1036.08","1.28","1034.45","21"
"8/28/2022","2:15:00","1441.9","1139.44","2.11","875.38","21"
"8/28/2022","2:16:00","1417.43","1138.15","1.24","955.94","21"
"8/28/2022","2:17:00","1422.52","1003.47","1.98","979.61","21"
"8/28/2022","2:18:00","1400.09","1152.57","1.07","987.56","21"
"8/28/2022","2:19:00","1435.45","1198.47","2.08","837.77","21"
"8/28/2022","2:20:00","1420.33","1181.06","2.14","914.34","21"
"8/28/2022","2:21:00","1412.42","1174.52","1.98","764.32","21"
"8/28/2022","2:22:00","1415.27","1091.93","1.19","871.59","21"
"8/28/2022","2:23:00","1425.69","1158.27","1.34","993.04","21"
"8/28/2022","2:24:00","1415.08","1135.28","3.41","1049.95","21"
"8/28/2022","2:25:00","1440.38","1157.86","1.76","952.47","21"
"8/28/2022","2:26:00","1418.32","1183.2","1.1","874.49","21"
"8/28/2022","2:27:00","1409.91","1045.15","2.03","910.28","21"
"8/28/2022","2:28:00","1447.2","1098.16","3.14","870.97","21"
"8/28/2022","2:29:00","1429.25","1115.48","2.73","861.94","21"
"8/28/2022","2:30:00","1404.53","1085.65","2.9","791.15","21"
"8/28/2022","2:31:00","1426.67","1085.04","1.82","962.56","21"
"8/28/2022","2:32:00","1443.82","1155.15","2.99","989.49","21"
"8/28/2022","2:33:00","1444.12","1015.86","2.44","759.65","21"
"8/28/2022","2:34:00","1421.29","1030.75","1.86","876.23","21"
"8/28/2022","2:35:00","1429.83","1027.04","2.54","1008.68","21"
"8/28/2022","2:36:00","1405.62","1101.86","1.74","893.92","21"
"8/28/2022","2:37:00","1436.63","1004.15","3.18","869.41","21"
"8/28/2022","2:38:00","1423.26","1164.97","2.12","1027.54","21"
"8/28/2022","2:39:00","1444.71","1157.7","3.2","848.85","21"
"8/28/2022","2:40:00","1406.01","1159.46","3.22","1021.28","21"
"8/28/2022","2:41:00","1423","1026.33","1.66","893.59","21"
"8/28/2022","2:42:00","1436.71","1194.56","3.09","850.68","21"
"8/28/2022","2:43:00","1400.22","1101.84","1.79","1044.95","21"
"8/28/2022","2:44:00","1409.75","1136.13","2.64","915.51","21"
"8/28/2022","2:45:00","1403.87","1076.05","2.9","867.26","21"
"8/28/2022","2:46:00","1441.98","1111.82","2.51","758.1","21"
"8/28/2022","2:47:00","1431.01","1018.07","2.5","817.65","21"
"8/28/2022","2:48:00","1444.7","1006.03","2.27","788.75","21"
"8/28/2022","2:49:00","1428.23","1130.08","1.97","806.68","21"
"8/28/2022","2:50:00","1443.43","1027.52","1.75","934.04","21"
"8/28/2022","2:51:00","1435.38","1086.84","1.43","857.95","21"
"8/28/2022","2:52:00","1410.79","1197.24","2.48","935.89","21"
"8/28/2022","2:53:00","1436.62","1077.18","3.3","767.99","21"
"8/28/2022","2:54:00","1416.45","1065.54","2.95","887.37","21"
"8/28/2022","2:55:00","1423.8","1022.89","2.76","855.41","21"
"8/28/2022","2:56:00","1431.48","1035.1","3.25","798.76","21"
"8/28/2022","2:57:00","1418.29","1112.56","2.27","852.95","21"
"8/28/2022","2:58:00","1440.53","1166.42","1.58","1039.36","21"
"8/28/2022","2:59:00","1409.26","1057.63","2.91","818.62","21"
"8/28/2022","3:00:00","1444.19","1013.53","1.42","751.42","21"
"8/28/2022","3:01:00","1402.54","1186.67","3.32","977.46","21"
"8/28/2022","3:02:00","1446.14","1006.35","1.51","1048.38","21"
"8/28/2022","3:03:00","1406.52","1019.05","1.44","790.2","21"
"8/28/2022","3:04:00","1435.91","1029.48","1.17","970.5","21"
"8/28/2022","3:05:00","1435.39","1067.43","3.47","980.13","21"
"8/28/2022","3:06:00","1404.35","1111.52","2.88","799.49","21"
"8/28/2022","3:07:00","1431.06","1068.09","1.95","920.91","21"
"8/28/2022","3:08:00","1411.75","1001.45","2.7","833.9","21"
"8/28/2022","3:09:00","1416.82","1047.93","1.46","782.16","21"
"8/28/2022","3:10:00","1411.34","1087.23","1.67","820.56","21"
"8/28/2022","3:11:00","1400.42","1011.03","1.9","1005.02","21"
"8/28/2022","3:12:00","1435.87","1029.23","3.23","807.35","21"
"8/28/2022","3:13:00","1412.15","1121.48","3.24","772","21"
"8/28/2022","3:14:00","1406.6","1183.62","1.28","950.76","21"
"8/28/2022","3:15:00","1422.28","1075.84","1.75","811.94","21"
"8/28/2022","3:16:00","1425.41","1161.75","3.35","974.79","21"
"8/28/2022","3:17:00","1426.62","1106.39","3.25","978.04","21"
"8/28/2022","3:18:00","1431.63","1051.71","2.88","958.19","21"
"8/28/2022","3:19:00","1405.77","1150.49","3.34","772.28","21"
"8/28/2022","3:20:00","1442.5","1182.84","3.05","886.86","21"
"8/28/2022","3:21:00","1444.78","1174.56","2.57","1032.27","21"
"8/28/2022","3:22:00","1445.94","1179.91","2.48","1003.66","21"
"8/28/2022","3:23:00","1447.84","1191.07","1.43","919.88","21"
"8/28/2022","3:24:00","1412.7","1090.65","2.39","822.03","21"
"8/28/2022","3:25:00","1417.06","1031.1","1.67","780.94","21"
"8/28/2022","3:26:00","1447.55","1133.1","3.11","890.57","4"
"8/28/2022","3:27:00","1448.08","1171.93","2.86","768.35","4"
"8/28/2022","3:28:00","1432.89","1093.35","1.1","933.38","4"
"8/28/2022","3:29:00","1412.3","1004.65","3.07","881.52","4"
"8/28/2022","3:30:00","1435.33","1059.63","1.26","755.34","4"
"8/28/2022","3:31:00","1406.61","1133.9","1.83","854.99","4"
"8/28/2022","3:32:00","1412.49","1129.77","1.7","884.23","4"
"8/28/2022","3:33:00","1427.56","1000.73","3.26","776.28","4"
"8/28/2022","3:34:00","1426.99","1101.64","1.13","969.64","4"
"8/28/2022","3:35:00","1429.78","1078.99","2.11","804.36","4"
"8/28/2022","3:36:00","1405.57","1129.36","2.18","900.17","4"
"8/28/2022","3:37:00","1404.82","1142.14","3.07","868.35","4"
"8/28/2022","3:38:00","1403.54","1193.49","3.21","764.87","4"
"8/28/2022","3:39:00","1441.43","1113.6","1.85","785.26","4"
"8/28/2022","3:40:00","1435.39","1009.7","3.29","802.73","4"
"8/28/2022","3:41:00","1416.56","1066.76","2.07","974.58","4"
"8/28/2022","3:42:00","1415.48","1000.1","1.97","1045.67","4"
"8/28/2022","3:43:00","1410.78","1005.81","1.36","784.37","4"
"8/28/2022","3:44:00","1420.45","1173.14","2.26","1006.18","4"
"8/28/2022","3:45:00","1408.3","1151","2.21","1040.36","4"
"8/28/2022","3:46:00","1416.88","1172.3","2.36","986.34","4"
"8/28/2022","3:47:00","1444.56","1129.75","2.22","777.59","4"
"8/28/2022","3:48:00","1432.72","1180.69","2.44","1047.73","4"
"8/28/2022","3:49:00","1433.63","1124.98","1.77","955.02","4"
"8/28/2022","3:50:00","1414.44","1178.19","3.42","825.96","4"
"8/28/2022","3:51:00","1403.63","1160.07","1.02","974.3","4"
"8/28/2022","3:52:00","1404.13","1058.38","3.16","873.62","4"
"8/28/2022","3:53:00","1438.54","1103.15","2.77","758.57","4"
"8/28/2022","3:54:00","1426.1","1075.56","1.81","918.15","4"
"8/28/2022","3:55:00","1409.78","1060.53","1.69","925.66","21"
"8/28/2022","3:56:00","1439.56","1047.64","3.27","990.51","21"
"8/28/2022","3:57:00","1435.66","1185.06","2.82","995.13","21"
"8/28/2022","3:58:00","1446.6","1151.85","2.41","995.69","21"
"8/28/2022","3:59:00","1431.84","1189.85","1.77","750.22","21"
"8/28/2022","4:00:00","1426.47","1086.42","2.21","820.4","21"
"8/28/2022","4:01:00","1426.51","1152.78","2.66","792.77","21"
"8/28/2022","4:02:00","1405.04","1170.86","3.33","832.27","21"
"8/28/2022","4:03:00","1425.64","1085.08","2.38","896.35","21"
"8/28/2022","4:04:00","1448.36","1022.68","1.04","969.66","21"
"8/28/2022","4:05:00","1400.97","1073.98","2.46","819.71","21"
"8/28/2022","4:06:00","1420.8","1138.37","3.01","767.71","21"
"8/28/2022","4:07:00","1410.96","1149.39","3.07","888.39","21"
"8/28/2022","4:08:00","1446.52","1078.38","3.45","788.01","21"
"8/28/2022","4:09:00","1420.56","1153.91","1.31","751.24","21"
"8/28/2022","4:10:00","1437.84","1112.12","2.68","872.83","21"
"8/28/2022","4:11:00","1414.12","1155.51","2.08","777","21"
"8/28/2022","4:12:00","1409.18","1055.42","1.6","1016.04","21"
"8/28/2022","4:13:00","1424.29","1026.66","2.06","878.94","21"
"8/28/2022","4:14:00","1408","1066.11","1.18","956.98","21"
"8/28/2022","4:15:00","1416.09","1057.62","2.8","858.57","21"
"8/28/2022","4:16:00","1411.68","1024.48","2.72","917.32","21"
"8/28/2022","4:17:00","1400.05","1047.12","2.34","906.22","21"
"8/28/2022","4:18:00","1442.07","1042.05","2.69","901.35","21"
"8/28/2022","4:19:00","1437.4","1154.11","3.02","966.24","21"
"8/28/2022","4:20:00","1442.41","1179.65","2.4","1034.33","21"
"8/28/2022","4:21:00","1436.47","1046.45","2.48","958.4","21"
"8/28/2022","4:22:00","1401.96","1094.47","3.5","969.86","21"
"8/28/2022","4:23:00","1435.87","1028.22","3.23","956.08","21"
"8/28/2022","4:24:00","1433.18","1127.39","2.03","1012.89","21"
"8/28/2022","4:25:00","1431.04","1034.47","1.76","860.28","21"
"8/28/2022","4:26:00","1430.06","1169.11","3.21","787.65","21"
"8/28/2022","4:27:00","1448.42","1073.2","2.08","903.42","21"
"8/28/2022","4:28:00","1407.16","1155.29","3.16","934.98","21"
"8/28/2022","4:29:00","1410.36","1012.14","2.65","980.29","21"
"8/28/2022","4:30:00","1417.47","1157.56","2.06","999.56","21"
"8/28/2022","4:31:00","1430.99","1181.85","2.82","825.25","21"
"8/28/2022","4:32:00","1449.67","1023.43","1.29","770.48","21"
"8/28/2022","4:33:00","1416.23","1032.92","1.27","896.88","21"
"8/28/2022","4:34:00","1426.59","1133.08","1.35","963.04","21"
"8/28/2022","4:35:00","1442.22","1052.43","3.47","1026.34","21"
"8/28/2022","4:36:00","1427.11","1031","1.53","970.35","21"
"8/28/2022","4:37:00","1403.99","1149.75","2.06","972.62","21"
"8/28/2022","4:38:00","1444.09","1134.78","1.53","906.44","21"
"8/28/2022","4:39:00","1437.42","1088.5","3.11","882.79","21"
"8/28/2022","4:40:00","1424.04","1156.17","3.12","856.24","21"
"8/28/2022","4:41:00","1434.12","1187.88","2.22","923.94","21"
"8/28/2022","4:42:00","1419.08","1138.11","2.17","981.51","21"
"8/28/2022","4:43:00","1402.85","1052.69","2.8","1003.13","21"
"8/28/2022","4:44:00","1418.85","1143.19","1.48","755.77","21"
"8/28/2022","4:45:00","1401.89","1185.44","1.86","767.09","21"
"8/28/2022","4:46:00","1444.24","1058.7","1.07","825.06","21"
"8/28/2022","4:47:00","1414.32","1131.3","1.54","858.88","21"
"8/28/2022","4:48:00","1420.06","1171.9","1.52","778.3","21"
"8/28/2022","4:49:00","1427.07","1046.33","2.15","1045.55","21"
"8/28/2022","4:50:00","1414.15","1188.45","2.8","755.19","21"
"8/28/2022","4:51:00","1442.99","1174.08","2.74","979.52","21"
"8/28/2022","4:52:00","1410.93","1096.73","3.32","902.63","21"
"8/28/2022","4:53:00","1430.95","1193.09","1.1","926.11","21"
"8/28/2022","4:54:00","1429.97","1083.06","1.79","756.91","21"
"8/28/2022","4:55:00","1431.18","1155.25","1.46","849.23","21"
"8/28/2022","4:56:00","1409.62","1028.87","2.53","778.6","21"
"8/28/2022","4:57:00","1412.55","1092.11","3.25","1032.08","21"
"8/28/2022","4:58:00","1408.34","1189.25","3.02","993.09","21"
"8/28/2022","4:59:00","1442.96","1022.18","2.72","779.93","21"
"8/28/2022","5:00:00","1430.64","1076.14","1.93","949.11","21"
"8/28/2022","5:01:00","1402.92","1084.3","2.84","853.2","21"
"8/28/2022","5:02:00","1401.54","1044.29","1.36","753.67","21"
"8/28/2022","5:03:00","1448.8","1141.47","3.2","1012.22","21"
"8/28/2022","5:04:00","1420.24","1167.19","2.13","921.01","21"
"8/28/2022","5:05:00","1442.39","1131.19","1.14","991","21"
"8/28/2022","5:06:00","1432.36","1018.12","1.82","951.16","21"
"8/28/2022","5:07:00","1447.56","1080.31","3.13","945.27","21"
"8/28/2022","5:08:00","1410.32","1015.19","3.37","923.8","21"
"8/28/2022","5:09:00","1409.47","1103.52","2.56","767.45","21"
"8/28/2022","5:10:00","1446.86","1113.55","1.91","829.44","21"
"8/28/2022","5:11:00","1427.2","1063.18","2.88","912.35","21"
"8/28/2022","5:12:00","1445.88","1063.32","1.79","1006.63","21"
"8/28/2022","5:13:00","1423.22","1174.81","1.46","762.95","21"
"8/28/2022","5:14:00","1441.23","1114.37","1.03","932.69","21"
"8/28/2022","5:15:00","1436.45","1131.22","2.75","757.75","21"
"8/28/2022","5:16:00","1418.96","1123.39","1.84","972.95","21"
"8/28/2022","5:17:00","1441.11","1157.33","1.59","930.91","21"
"8/28/2022","5:18:00","1432.76","1000.26","1.53","794.78","21"
"8/28/2022","5:19:00","1412.55","1199.59","1.52","1045.35","21"
"8/28/2022","5:20:00","1402.6","1124.18","2.29","936.16","21"
"8/28/2022","5:21:00","1403.38","1027.77","1.14","781.65","21"
"8/28/2022","5:22:00","1433.54","1092.66","2.4","962.54","21"
"8/28/2022","5:23:00","1421.98","1157.95","2.98","777.74","21"
"8/28/2022","5:24:00","1434.31","1018.02","1.86","1038.51","21"
"8/28/2022","5:25:00","1439.18","1180.48","2.97","912.18","21"
"8/28/2022","5:26:00","1415.71","1086.17","2.07","973.83","21"
"8/28/2022","5:27:00","1413.79","1114.62","1.87","1027.9","21"
"8/28/2022","5:28:00","1418.89","1022.8","2.27","884.6","21"
"8/28/2022","5:29:00","1404.99","1112.98","2.25","986.9","21"
"8/28/2022","5:30:00","1433.23","1185.93","2.57","1007.3","21"
"8/28/2022","5:31:00","1419.53","1152.86","1.77","943.73","21"
"8/28/2022","5:32:00","1441.85","1100.86","1.42","998.89","21"
"8/28/2022","5:33:00","1423.68","1106.52","2.96","780.57","21"
"8/28/2022","5:34:00","1435.25","1014.69","2.63","1014.15","21"
"8/28/2022","5:35:00","1440.87","1010.16","3.4","1047.32","21"
"8/28/2022","5:36:00","1430.84","1006.28","2.74","990.13","21"
"8/28/2022","5:37:00","1436.01","1124.25","2.6","875.8","21"
"8/28/2022","5:38:00","1447.43","1045.98","1.15","766.85","21"
"8/28/2022","5:39:00","1446.02","1038.11","2.35","903.84","21"
"8/28/2022","5:40:00","1404.95","1155.23","3.26","811.27","21"
"8/28/2022","5:41:00","1402.9","1193.66","1.53","789.02","21"
"8/28/2022","5:42:00","1444.02","1092.84","2.43","859.19","21"
"8/28/2022","5:43:00","1417.72","1030.53","2.4","1030.27","21"
"8/28/2022","5:44:00","1411.21","1100.69","3.3","972.22","21"
"8/28/2022","5:45:00","1423.65","1191.24","2.43","1006.8","21"
"8/28/2022","5:46:00","1415.41","1075.09","1.71","858.67","21"
"8/28/2022","5:47:00","1405.11","1006.45","2.54","760.42","21"
"8/28/2022","5:48:00","1449.51","1170.63","1.91","952.2","21"
"8/28/2022","5:49:00","1434.51","1041.28","2.14","875.95","21"
"8/28/2022","5:50:00","1410.16","1131.44","3.32","810.91","21"
"8/28/2022","5:51:00","1430.32","1015.86","1.94","939.88","21"
"8/28/2022","5:52:00","1436.84","1035.55","2.42","861.8","21"
"8/28/2022","5:53:00","1421.66","1156.1","2.01","971.28","21"
"8/28/2022","5:54:00","1422.94","1134.17","2.2","788.77","21"
"8/28/2022","5:55:00","1432.76","1039.55","2.5","1035.44","21"
"8/28/2022","5:56:00","1417.12","1163.09","3.11","940.17","21"
"8/28/2022","5:57:00","1417.59","1147.53","1.62","1044.9","21"
"8/28/2022","5:58:00","1401.99","1094.68","2.25","769.46","21"
"8/28/2022","5:59:00","1410.97","1179.82","3.35","913.35","21"
"8/28/2022","6:00:00","1435.11","1095.85","1.6","969.15","21"
"8/28/2022","6:01:00","1400.43","1155.59","2.59","975.04","21"
"8/28/2022","6:02:00","1412.46","1196.57","2.17","980.55","21"
"8/28/2022","6:03:00","1422.83","1073.97","2.71","1005.66","21"
"8/28/2022","6:04:00","1406.7","1037.67","1.3","974.94","21"
"8/28/2022","6:05:00","1412.29","1137.41","2.05","905.42","21"
"8/28/2022","6:06:00","1428.19","1015.39","3.14","1003.96","21"
"8/28/2022","6:07:00","1421.81","1115.83","2.75","865.7","21"
"8/28/2022","6:08:00","1403.88","1088.91","2.67","819.19","21"
"8/28/2022","6:09:00","1405.38","1118.51","2.2","810.27","21"
"8/28/2022","6:10:00","1422.03","1068.38","1.9","915.38","21"
"8/28/2022","6:11:00","1449.19","1050.51","1.15","959.2","21"
"8/28/2022","6:12:00","1408.49","1084.3","3.04","854.37","21"
"8/28/2022","6:13:00","1401.9","1023.03","3.46","996.27","21"
"8/28/2022","6:14:00","1447.22","1175.23","2.21","799.4","21"
"8/28/2022","6:15:00","1415.35","1192.12","2.03","1039.37","21"
"8/28/2022","6:16:00","1438.6","1025.8","2.94","826.59","21"
"8/28/2022","6:17:00","1419.12","1040.67","2.29","755.98","21"
"8/28/2022","6:18:00","1443.48","1197.62","1.8","1004.79","21"
"8/28/2022","6:19:00","1408.82","1172.8","1.67","767.51","21"
"8/28/2022","6:20:00","1434.95","1196.22","1.27","783.72","21"
"8/28/2022","6:21:00","1435.62","1141.24","1.06","1013.11","21"
"8/28/2022","6:22:00","1435.18","1022.68","2.85","867.37","21"
"8/28/2022","6:23:00","1442.06","1007.02","2.07","775.62","21"
"8/28/2022","6:24:00","1418.12","1128.23","2.04","1017.62","21"
"8/28/2022","6:25:00","1404.13","1182.5","1.08","848.95","21"
"8/28/2022","6:26:00","1447.88","1163.68","3.24","849.5","21"
"8/28/2022","6:27:00","1426.34","1149.53","2.17","772.17","21"
"8/28/2022","6:28:00","1421.52","1167.18","3.11","922.3","21"
"8/28/2022","6:29:00","1440.65","1023.07","1.33","945.86","21"
"8/28/2022","6:30:00","1412.9","1009.57","1.66","1036.79","21"
"8/28/2022","6:31:00","1421.53","1147.98","1.21","1024.32","21"
"8/28/2022","6:32:00","1443.72","1192.37","1.66","1044.12","21"
"8/28/2022","6:33:00","1427.16","1092.59","2.51","892.9","21"
"8/28/2022","6:34:00","1410.08","1073.74","1.31","913","21"
"8/28/2022","6:35:00","1445.25","1177.24","1.75","1045.14","21"
"8/28/2022","6:36:00","1406.11","1172.95","1.23","766.02","21"
"8/28/2022","6:37:00","1419.92","1095.36","2.14","952.13","21"
"8/28/2022","6:38:00","1408.23","1166.11","1.89","1031.62","21"
"8/28/2022","6:39:00","1413.53","1189.36","2.56","883","21"
"8/28/2022","6:40:00","1404.71","1091.59","2.14","894.19","21"
"8/28/2022","6:41:00","1432.42","1050.32","2.33","1035.35","21"
"8/28/2022","6:42:00","1442.73","1027.63","3.44","1029.79","21"
"8/28/2022","6:43:00","1402.86","1072.58","1.45","782.58","21"
"8/28/2022","6:44:00","1427.2","1119.95","2.91","792.69","21"
"8/28/2022","6:45:00","1410.27","1149.7","2.63","858.75","21"
"8/28/2022","6:46:00","1412.58","1064.03","1.02","822.22","21"
"8/28/2022","6:47:00","1438.84","1078.63","1.94","763.62","21"
"8/28/2022","6:48:00","1414.71","1047.16","2.03","784.25","21"
"8/28/2022","6:49:00","1423.76","1158.08","3.48","855.1","21"
"8/28/2022","6:50:00","1414.62","1144.96","1.03","792.9","21"
"8/28/2022","6:51:00","1419.84","1190.58","2.87","833.7","21"
"8/28/2022","6:52:00","1418.82","1037.06","1.06","839.79","21"
"8/28/2022","6:53:00","1426.4","1126.92","1.02","854.68","21"
"8/28/2022","6:54:00","1445.04","1029.89","2.65","941.63","21"
"8/28/2022","6:55:00","1441.49","1173.34","2.56","862.11","21"
"8/28/2022","6:56:00","1429.69","1185.75","3.23","872.87","21"
"8/28/2022","6:57:00","1444.29","1073.99","2.72","957.75","21"
"8/28/2022","6:58:00","1406.43","1118","1.27","972.11","21"
"8/28/2022","6:59:00","1403.35","1029.79","1.33","888.46","21"
"8/28/2022","7:00:00","1412.52","1119.7","3.42","996.53","21"
"8/28/2022","7:01:00","1416.93","1170.67","1.44","800.53","21"
"8/28/2022","7:02:00","1422.07","1131.41","1.01","908.74","21"
"8/28/2022","7:03:00","1442.99","1099.11","1.06","911.58","21"
"8/28/2022","7:04:00","1405.81","1027.91","2.21","869.46","21"
"8/28/2022","7:05:00","1408.08","1044.79","3.3","1034.64","21"
"8/28/2022","7:06:00","1421.07","1031.64","2.73","1036.51","21"
"8/28/2022","7:07:00","1441.91","1041.43","3.17","1002.01","21"
"8/28/2022","7:08:00","1428.54","1146.92","1.55","935.01","21"
"8/28/2022","7:09:00","1410.23","1072.71","1.98","1032.86","21"
"8/28/2022","7:10:00","1449.41","1101.56","1.67","999.59","21"
"8/28/2022","7:11:00","1430.56","1041.78","3.3","1030.01","21"
"8/28/2022","7:12:00","1439.85","1013.14","1.87","898.35","21"
"8/28/2022","7:13:00","1436.96","1042.53","1.19","803.38","21"
"8/28/2022","7:14:00","1422.06","1080.5","3.26","874.53","21"
"8/28/2022","7:15:00","1400.72","1001.65","1.97","814.18","21"
"8/28/2022","7:16:00","1432.78","1108.19","3.26","936","21"
"8/28/2022","7:17:00","1445.95","1037.71","2.06","957.64","21"
"8/28/2022","7:18:00","1428.68","1056.4","1.97","815.21","21"
"8/28/2022","7:19:00","1446.39","1048.67","2.4","899.31","21"
"8/28/2022","7:20:00","1439.4","1077.64","3.42","1010.71","21"
"8/28/2022","7:21:00","1446.99","1042.32","1.94","1011.38","21"
"8/28/2022","7:22:00","1416.47","1143.62","1.46","1017.21","21"
"8/28/2022","7:23:00","1418.42","1138.3","1.91","942.9","21"
"8/28/2022","7:24:00","1440.17","1052.86","1.06","851.83","21"
"8/28/2022","7:25:00","1436.54","1165.72","1.23","1004.46","21"
"8/28/2022","7:26:00","1416.33","1153.4","2.17","938.28","21"
"8/28/2022","7:27:00","1410.11","1094.98","3.28","1046.05","21"
"8/28/2022","7:28:00","1420.76","1074.45","3.11","789.1","21"
"8/28/2022","7:29:00","1419.23","1177.9","3.13","1022.24","21"
"8/28/2022","7:30:00","1445.81","1002.46","1.62","901.67","21"
"8/28/2022","7:31:00","1431.7","1132.5","1.89","868.26","21"
"8/28/2022","7:32:00","1435.62","1187.65","1.01","906.56","21"
"8/28/2022","7:33:00","1442.17","1116.91","1.75","936.4","21"
"8/28/2022","7:34:00","1439.61","1090.66","1.04","886.47","21"
"8/28/2022","7:35:00","1445.43","1167.23","3.3","774.18","21"
"8/28/2022","7:36:00","1401.24","1181.12","2.69","920.49","21"
"8/28/2022","7:37:00","1408.43","1053.24","2.62","868.53","21"
"8/28/2022","7:38:00","1445.37","1065.56","2.28","837.09","21"
"8/28/2022","7:39:00","1404.86","1160.63","2.45","921.81","21"
"8/28/2022","7:40:00","1413.98","1166.97","3","811.04","21"
"8/28/2022","7:41:00","1447.26","1149.97","2.59","1023.68","21"
"8/28/2022","7:42:00","1405.59","1173.43","2.15","881.22","21"
"8/28/2022","7:43:00","1434.82","1001.68","1.33","952.17","21"
"8/28/2022","7:44:00","1444.84","1170.21","1.71","834.39","21"
"8/28/2022","7:45:00","1428.04","1156.93","3.05","753.58","21"
"8/28/2022","7:46:00","1430.2","1046.65","3.42","760.94","21"
"8/28/2022","7:47:00","1442.85","1180.96","2.63","1028.77","21"
"8/28/2022","7:48:00","1443.4","1082.53","3.21","757.89","21"
"8/28/2022","7:49:00","1446.11","1016.46","2.05","881.68","21"
"8/28/2022","7:50:00","1429.61","1112.96","1.66","874.8","21"
"8/28/2022","7:51:00","1425.77","1043.45","2.18","798.1","21"
"8/28/2022","7:52:00","1421.74","1009.71","1.83","1028.82","21"
"8/28/2022","7:53:00","1446.48","1104.04","2.55","766.72","21"
"8/28/2022","7:54:00","1441.07","1074.81","1.91","919.11","21"
"8/28/2022","7:55:00","1427.7","1078.01","2.34","802.7","21"
"8/28/2022","7:56:00","1423.36","1092.45","3.13","914.89","21"
"8/28/2022","7:57:00","1438.76","1117.41","2.71","904.78","21"
"8/28/2022","7:58:00","1432.6","1037.71","3.14","770.27","21"
"8/28/2022","7:59:00","1445.37","1144.97","1.6","1044.07","21"
"8/28/2022","8:00:00","1415.46","1052.72","2.91","888.88","21"
"8/28/2022","8:01:00","1438.89","1042.91","2.35","939.99","21"
"8/28/2022","8:02:00","1441.75","1167.3","2.13","791.14","21"
"8/28/2022","8:03:00","1429.34","1080.32","1.81","1000.59","21"
"8/28/2022","8:04:00","1443.53","1189.74","2.09","799.13","21"
"8/28/2022","8:05:00","1413.52","1112.18","1.46","751.87","21"
"8/28/2022","8:06:00","1417.06","1118.3","1.29","872.23","21"
"8/28/2022","8:07:00","1435.36","1044.65","3","788.13","21"
"8/28/2022","8:08:00","1424.39","1065.74","2.26","1008.75","21"
"8/28/2022","8:09:00","1439.86","1169.15","2.93","838.39","21"
"8/28/2022","8:10:00","1426.98","1195.06","2.56","878.2","21"
"8/28/2022","8:11:00","1448.76","1003.59","3.09","1028.52","21"
"8/28/2022","8:12:00","1433.82","1034.41","1.27","1024.92","21"
"8/28/2022","8:13:00","1446.17","1196.23","2.17","849.87","21"
"8/28/2022","8:14:00","1425.08","1026.22","3.49","841.71","21"
"8/28/2022","8:15:00","1427.9","1015.1","2.98","995.29","21"
"8/28/2022","8:16:00","1430.46","1020.52","2.41","824.56","21"
"8/28/2022","8:17:00","1429.55","1143.84","2.16","973.56","21"
"8/28/2022","8:18:00","1416.1","1042.28","3.21","842.3","21"
"8/28/2022","8:19:00","1415","1065.48","2.09","822.07","21"
"8/28/2022","8:20:00","1405.79","1072.64","3.42","973.45","21"
"8/28/2022","8:21:00","1426.59","1057.39","3.13","829.52","21"
"8/28/2022","8:22:00","1437.66","1119.61","2.98","971.73","21"
"8/28/2022","8:23:00","1437.32","1071.24","1.36","940.57","21"
"8/28/2022","8:24:00","1424.95","1064.9","3.23","908.57","21"
"8/28/2022","8:25:00","1405.25","1035.08","1.94","753.5","21"
"8/28/2022","8:26:00","1435.83","1093.47","2.26","845.64","21"
"8/28/2022","8:27:00","1402.97","1132.35","2.18","817.01","21"
"8/28/2022","8:28:00","1415.48","1192.55","3.2","786.76","21"
"8/28/2022","8:29:00","1411.05","1162.96","1.93","1031.36","21"
"8/28/2022","8:30:00","1424.28","1161.65","2.73","783.35","21"
"8/28/2022","8:31:00","1402.94","1026.04","1","803.64","21"
"8/28/2022","8:32:00","1429.79","1047.8","2.34","767.82","21"
"8/28/2022","8:33:00","1410.32","1071.36","3.2","909.87","21"
"8/28/2022","8:34:00","1427.65","1168.02","3.5","1009.81","21"
"8/28/2022","8:35:00","1449.09","1172.89","3.04","936.06","21"
"8/28/2022","8:36:00","1410.62","1132.05","1.84","769.95","21"
"8/28/2022","8:37:00","1429.28","1029.88","1.63","863.86","21"
"8/28/2022","8:38:00","1430.17","1148.25","1.08","780.62","21"
"8/28/2022","8:39:00","1403.54","1071.68","2.97","855.06","21"
"8/28/2022","8:40:00","1422.18","1016.38","2.42","1044.95","21"
"8/28/2022","8:41:00","1403.12","1151.87","2.33","917.26","21"
"8/28/2022","8:42:00","1420.94","1025.83","3.18","831.67","21"
"8/28/2022","8:43:00","1432.57","1020.05","2.55","778.87","21"
"8/28/2022","8:44:00","1402.13","1060.05","2.18","897.89","21"
"8/28/2022","8:45:00","1446.68","1034.6","2.43","846.58","21"
"8/28/2022","8:46:00","1446.37","1117.19","1.11","890.05","21"
"8/28/2022","8:47:00","1418.1","1097.37","1.62","795.32","21"
"8/28/2022","8:48:00","1414.8","1003.16","3.47","811.04","21"
"8/28/2022","8:49:00","1428.39","1189.92","3.27","939.46","21"
"8/28/2022","8:50:00","1402.78","1127.48","1.26","1010.8","21"
"8/28/2022","8:51:00","1401.2","1053.71","2.22","1046.77","21"
"8/28/2022","8:52:00","1448.09","1170.91","2.73","899.43","21"
"8/28/2022","8:53:00","1409.39","1117.4","1.6","869.94","21"
"8/28/2022","8:54:00","1433.67","1046.74","1.66","813.4","21"
"8/28/2022","8:55:00","1427.69","1098.21","3.08","953.96","21"
"8/28/2022","8:56:00","1420.05","1001.49","2.6","1034.36","21"
"8/28/2022","8:57:00","1448.88","1195.82","1.73","802","21"
"8/28/2022","8:58:00","1412.08","1179.72","2.84","893.85","21"
"8/28/2022","8:59:00","1400.08","1106.86","2.43","911.88","21"
"8/28/2022","9:00:00","1421.78","1033.57","1.18","913.32","21"
"8/28/2022","9:01:00","1426.16","1144.13","3.47","1023.69","21"
"8/28/2022","9:02:00","1423.07","1042.41","3.19","1020.05","21"
"8/28/2022","9:03:00","1444.35","1052.54","2.31","930.25","21"
"8/28/2022","9:04:00","1416.04","1143.72","2.77","823.83","21"
"8/28/2022","9:05:00","1434.33","1008.06","1.47","997.86","21"
"8/28/2022","9:06:00","1430.61","1004.64","1.93","854.23","21"
"8/28/2022","9:07:00","1412.82","1123.25","2.37","897.61","21"
"8/28/2022","9:08:00","1439.93","1004.35","1.55","840.29","21"
"8/28/2022","9:09:00","1436.45","1016.06","1.46","798.96","21"
"8/28/2022","9:10:00","1440.13","1183.53","2.45","1049.17","21"
"8/28/2022","9:11:00","1402.9","1126.13","1.64","801.51","21"
"8/28/2022","9:12:00","1424.02","1025.53","1.41","942.58","21"
"8/28/2022","9:13:00","1446.69","1012.53","2.22","995.79","21"
"8/28/2022","9:14:00","1406.18","1170.28","1.41","1049.14","21"
"8/28/2022","9:15:00","1416.17","1003.65","1.82","756.89","21"
"8/28/2022","9:16:00","1424.55","1013.18","2.78","901.49","21"
"8/28/2022","9:17:00","1414.55","1078.12","1.51","1021.21","21"
"8/28/2022","9:18:00","1417.2","1086.21","2.23","1020.58","21"
"8/28/2022","9:19:00","1446.79","1169.46","1.94","938.54","21"
"8/28/2022","9:20:00","1414.07","1120.66","2.7","879.67","21"
"8/28/2022","9:21:00","1437.97","1149.69","1.82","895.83","21"
"8/28/2022","9:22:00","1406.6","1178.49","2.72","990.09","21"
"8/28/2022","9:23:00","1445.49","1182.6","2.77","1019.46","21"
"8/28/2022","9:24:00","1409.27","1194.66","1.93","826.05","21"
"8/28/2022","9:25:00","1433.67","1143.01","3.17","778.13","21"
"8/28/2022","9:26:00","1440.75","1096.63","1.48","998.34","21"
"8/28/2022","9:27:00","1409.62","1002.74","1.65","1007.8","21"
"8/28/2022","9:28:00","1414.05","1047.9","3.08","764.88","21"
"8/28/2022","9:29:00","1416.84","1197.82","2.61","923.85","21"
"8/28/2022","9:30:00","1446.35","1169.14","2.25","775.83","21"
"8/28/2022","9:31:00","1421.21","1016.27","1.81","997.08","21"
"8/28/2022","9:32:00","1447.69","1195.17","3.08","893.79","21"
"8/28/2022","9:33:00","1436.33","1044.21","2.91","844.33","21"
"8/28/2022","9:34:00","1443.14","1033.08","1.92","867.2","21"
"8/28/2022","9:35:00","1429.09","1177.41","2.73","768.87","21"
"8/28/2022","9:36:00","1409.2","1072.74","1.3","947.19","21"
"8/28/2022","9:37:00","1433.26","1058.74","1.32","755.97","21"
"8/28/2022","9:38:00","1446.67","1088.35","1.53","982.79","21"
"8/28/2022","9:39:00","1433.13","1076.8","1.45","763.83","21"
"8/28/2022","9:40:00","1417.24","1188.18","2.86","928.11","21"
"8/28/2022","9:41:00","1423.79","1062.36","2","996.22","21"
"8/28/2022","9:42:00","1438.98","1110.91","1.66","769.85","21"
"8/28/2022","9:43:00","1429.34","1047.73","2.34","952.01","21"
"8/28/2022","9:44:00","1436.83","1022.21","1.27","979.87","21"
"8/28/2022","9:45:00","1421.8","1103.38","2.1","793.78","21"
"8/28/2022","9:46:00","1446.31","1038.8","1.28","992.02","21"
"8/28/2022","9:47:00","1425.46","1026.98","1.23","824.28","21"
"8/28/2022","9:48:00","1448.75","1035.55","2.8","976.88","21"
"8/28/2022","9:49:00","1413.22","1031.81","2.24","838.1","21"
"8/28/2022","9:50:00","1439.77","1148.11","3.18","1028.45","21"
"8/28/2022","9:51:00","1417.84","1171.33","2.41","1011.51","21"
"8/28/2022","9:52:00","1400.73","1133.64","3.26","998.25","21"
"8/28/2022","9:53:00","1421.18","1027.56","2.35","931.51","21"
"8/28/2022","9:54:00","1408.74","1059.82","2.11","795.32","21"
"8/28/2022","9:55:00","1409.62","1059.75","3.2","975.44","21"
"8/28/2022","9:56:00","1434.77","1100.29","2.98","966.99","21"
"8/28/2022","9:57:00","1421.6","1007.94","1.57","960.23","21"
"8/28/2022","9:58:00","1409.3","1112.16","1.48","755.67","21"
"8/28/2022","9:59:00","1449.5","1037.72","2.77","839.93","21"
"8/28/2022","10:00:00","1400.54","1166.55","3.45","1021.52","21"
"8/28/2022","10:01:00","1440.31","1100.84","2.04","968.88","21"
"8/28/2022","10:02:00","1412.44","1046.38","2.05","988.02","21"
"8/28/2022","10:03:00","1422.92","1036.82","1.37","783.36","21"
"8/28/2022","10:04:00","1408.23","1028.52","2.05","870.4","21"
"8/28/2022","10:05:00","1404.46","1182.71","3.32","922.98","21"
"8/28/2022","10:06:00","1416.4","1156.81","3.39","783.58","21"
"8/28/2022","10:07:00","1400.41","1070.47","1.66","920.34","21"
"8/28/2022","10:08:00","1403.18","1152.52","1.49","1047.5","21"
"8/28/2022","10:09:00","1430.95","1089.18","2.44","758.67","21"
"8/28/2022","10:10:00","1434.07","1079.95","1.81","860.64","21"
"8/28/2022","10:11:00","1442.29","1068.05","3.49","816.57","21"
"8/28/2022","10:12:00","1426.6","1022.88","2.47","912.86","21"
"8/28/2022","10:13:00","1443.59","1141.81","1.39","983.64","21"
"8/28/2022","10:14:00","1440.44","1158.43","2.4","786.89","21"
"8/28/2022","10:15:00","1425.16","1123","3.25","894.93","21"
"8/28/2022","10:16:00","1436.18","1082.33","3.08","988.64","21"
"8/28/2022","10:17:00","1417.68","1072.24","1.15","806.97","21"
"8/28/2022","10:18:00","1430.58","1129.07","1.18","1037.25","21"
"8/28/2022","10:19:00","1411.34","1129.97","3.05","758.49","21"
"8/28/2022","10:20:00","1448.17","1023.28","2.25","956.38","21"
"8/28/2022","10:21:00","1422.46","1085.54","2.57","942.26","21"
"8/28/2022","10:22:00","1426.09","1111.45","2.32","892.65","21"
"8/28/2022","10:23:00","1447.6","1091.16","1.26","1041.01","21"
"8/28/2022","10:24:00","1420.09","1105.27","2.72","953.7","21"
"8/28/2022","10:25:00","1443.47","1083.79","1.34","839.15","21"
"8/28/2022","10:26:00","1440.36","1028.92","2.83","888.09","21"
"8/28/2022","10:27:00","1436.33","1027.57","1.55","796.67","21"
"8/28/2022","10:28:00","1421.32","1087.16","1.47","1041.93","21"
"8/28/2022","10:29:00","1447.89","1134.38","3.41","854.59","21"
"8/28/2022","10:30:00","1426.23","1038.6","2.54","758.24","21"
"8/28/2022","10:31:00","1449.64","1012.45","2.64","937.54","21"
"8/28/2022","10:32:00","1440.57","1049.27","2.99","948.05","21"
"8/28/2022","10:33:00","1412.25","1090.98","1.06","1032.95","21"
"8/28/2022","10:34:00","1429.78","1053.23","3.44","804.06","21"
"8/28/2022","10:35:00","1410.78","1193.17","3.31","895.03","21"
"8/28/2022","10:36:00","1440.18","1092.51","3.26","1035.48","21"
"8/28/2022","10:37:00","1420.05","1156.08","1.97","913.99","21"
"8/28/2022","10:38:00","1434.43","1060.77","2.44","1024.79","21"
"8/28/2022","10:39:00","1403.37","1019.28","2.37","918.44","21"
"8/28/2022","10:40:00","1425.08","1073.28","1.88","953.82","21"
"8/28/2022","10:41:00","1403.45","1124.27","3.33","923.91","21"
"8/28/2022","10:42:00","1407.61","1104.73","2.39","853.46","21"
"8/28/2022","10:43:00","1408.69","1084.46","2.54","799","21"
"8/28/2022","10:44:00","1417.97","1096.66","2.28","989.74","21"
"8/28/2022","10:45:00","1407.87","1000.48","1.35","1011.39","21"
"8/28/2022","10:46:00","1419.54","1196.17","3.13","975.87","21"
"8/28/2022","10:47:00","1429.04","1065.95","2.47","896.6","21"
"8/28/2022","10:48:00","1404.41","1086.63","2.18","999.32","21"
"8/28/2022","10:49:00","1400.5","1009.54","1.39","793.18","21"
"8/28/2022","10:50:00","1405.58","1070.06","1.18","1014.07","21"
"8/28/2022","10:51:00","1436.91","1100.36","2.27","857.05","21"
"8/28/2022","10:52:00","1440.14","1102.78","2.63","982.85","21"
"8/28/2022","10:53:00","1435.15","1101.4","2.74","914.91","21"
"8/28/2022","10:54:00","1447.87","1119.15","3.41","969.74","21"
"8/28/2022","10:55:00","1443.61","1185.51","2.98","1044.08","21"
"8/28/2022","10:56:00","1440.75","1115.62","1.71","994.62","21"
"8/28/2022","10:57:00","1404.72","1123.91","2.43","851.78","21"
"8/28/2022","10:58:00","1443.65","1079.02","2.63","927.18","21"
"8/28/2022","10:59:00","1400.2","1184.37","1.03","896.77","21"
"8/28/2022","11:00:00","1402.12","1028.07","2.69","1032.12","21"
"8/28/2022","11:01:00","1402.41","1139.09","2.66","1002.95","21"
"8/28/2022","11:02:00","1422.2","1059.55","2.62","1046.91","21"
"8/28/2022","11:03:00","1425.37","1184.81","1.84","782.27","21"
"8/28/2022","11:04:00","1432.81","1112.33","2.78","889.09","21"
"8/28/2022","11:05:00","1406.7","1002.4","2.43","800.12","21"
"8/28/2022","11:06:00","1400.55","1028.53","3.38","967.88","21"
"8/28/2022","11:07:00","1430.12","1136.61","2.81","967.59","21"
"8/28/2022","11:08:00","1420.68","1057.86","1.38","750.25","21"
"8/28/2022","11:09:00","1423.24","1171.28","1.71","928.34","21"
"8/28/2022","11:10:00","1438.45","1085.86","1.03","871.46","21"
"8/28/2022","11:11:00","1438.29","1047.19","2.32","1038.14","21"
"8/28/2022","11:12:00","1415.93","1185.71","2.36","985.06","21"
"8/28/2022","11:13:00","1437.55","1050.65","2.47","833.52","21"
"8/28/2022","11:14:00","1440.53","1085.57","1.45","958.81","21"
"8/28/2022","11:15:00","1426.25","1023.17","3.32","835.85","21"
"8/28/2022","11:16:00","1447.64","1128.41","1.78","918.21","21"
"8/28/2022","11:17:00","1428.09","1135.12","1.74","788.45","21"
"8/28/2022","11:18:00","1417.12","1023.75","3.4","869.92","21"
"8/28/2022","11:19:00","1422.9","1060.68","2.95","794.46","21"
"8/28/2022","11:20:00","1427.01","1151.68","2.98","1013.44","21"
"8/28/2022","11:21:00","1443.2","1018.85","2.23","763.97","21"
"8/28/2022","11:22:00","1447.43","1098.25","3.04","818.87","21"
"8/28/2022","11:23:00","1409.37","1041.1","1.39","886.71","21"
"8/28/2022","11:24:00","1446.86","1047.48","3.12","907.86","21"
"8/28/2022","11:25:00","1440.92","1018.69","2.88","822.81","21"
"8/28/2022","11:26:00","1426.61","1002.07","2.49","867.95","21"
"8/28/2022","11:27:00","1439.09","1112.71","2.65","926.1","21"
"8/28/2022","11:28:00","1403.07","1139.44","1.35","1038.81","21"
"8/28/2022","11:29:00","1421.56","1043.3","2.18","1033.96","21"
"8/28/2022","11:30:00","1449.55","1045.59","1.39","804.59","21"
"8/28/2022","11:31:00","1429.05","1169.57","3.32","1013.3","21"
"8/28/2022","11:32:00","1447.49","1036.77","3.28","847.61","21"
"8/28/2022","11:33:00","1434.6","1088.06","1.15","947.15","21"
"8/28/2022","11:34:00","1426.41","1187.77","2.8","866.41","21"
"8/28/2022","11:35:00","1441.33","1076.96","1.29","900.77","21"
"8/28/2022","11:36:00","1437.7","1068.9","1.5","963.53","21"
"8/28/2022","11:37:00","1408.35","1184.77","1.67","1013.22","21"
"8/28/2022","11:38:00","1425.34","1198.12","1.03","800.11","21"
"8/28/2022","11:39:00","1449.93","1135.72","1.32","995.98","21"
"8/28/2022","11:40:00","1403.29","1129.02","2.56","770.16","21"
"8/28/2022","11:41:00","1443.66","1117.65","1.36","890","21"
"8/28/2022","11:42:00","1405.23","1123.19","2.16","846.26","21"
"8/28/2022","11:43:00","1442.66","1150.71","3.2","784.78","21"
"8/28/2022","11:44:00","1449.42","1109.28","2.13","1024.47","21"
"8/28/2022","11:45:00","1436.46","1058.84","3.03","1040.22","21"
"8/28/2022","11:46:00","1440.98","1085.6","1.38","943.7","21"
"8/28/2022","11:47:00","1447.34","1109.04","1.98","1035.18","21"
"8/28/2022","11:48:00","1444.48","1075.68","2.87","1040.08","21"
"8/28/2022","11:49:00","1447.71","1024.49","2.58","844.39","21"
"8/28/2022","11:50:00","1438.45","1066.04","2.76","1014.04","21"
"8/28/2022","11:51:00","1444.47","1053.57","1.08","832.45","21"
"8/28/2022","11:52:00","1428.55","1091.23","1.74","925","21"
"8/28/2022","11:53:00","1406.63","1036.8","3.06","1010.53","21"
"8/28/2022","11:54:00","1411.73","1009.44","3.23","1000.29","21"
"8/28/2022","11:55:00","1428.35","1165.56","1.42","856.01","21"
"8/28/2022","11:56:00","1434.54","1070.88","3.39","937.04","21"
"8/28/2022","11:57:00","1438.55","1110.28","3.45","814.19","21"
"8/28/2022","11:58:00","1430.67","1174.48","1.5","960.96","21"
"8/28/2022","11:59:00","1425.63","1109.5","1.82","901.45","21"
"8/28/2022","12:00:00","1427.03","1111.74","2.5","1027.93","21"
"8/28/2022","12:01:00","1400.88","1156.47","1.76","985.45","21"
"8/28/2022","12:02:00","1436.08","1106.83","1.72","967.57","21"
"8/28/2022","12:03:00","1433.35","1153.14","3.31","764.34","21"
"8/28/2022","12:04:00","1434.88","1042.71","3.36","869.96","21"
"8/28/2022","12:05:00","1421.9","1080.24","2.79","981.2","21"
"8/28/2022","12:06:00","1436.98","1032.91","3.13","820.06","21"
"8/28/2022","12:07:00","1423.32","1063.9","1.08","1031.57","21"
"8/28/2022","12:08:00","1431.63","1101.53","2.55","936.64","21"
"8/28/2022","12:09:00","1440.13","1115.04","2.53","966.77","21"
"8/28/2022","12:10:00","1439.89","1055.75","1.25","787.12","21"
"8/28/2022","12:11:00","1416.49","1083.91","2.97","761.6","21"
"8/28/2022","12:12:00","1437.21","1052.28","2.53","826.44","21"
"8/28/2022","12:13:00","1426.7","1115.04","1.83","819.42","21"
"8/28/2022","12:14:00","1444.24","1088.65","2.55","860.53","21"
"8/28/2022","12:15:00","1429.23","1005.37","3.21","833.15","21"
"8/28/2022","12:16:00","1433.24","1101.11","1.2","890.48","21"
"8/28/2022","12:17:00","1442.84","1054.95","2.73","754.93","21"
"8/28/2022","12:18:00","1419.28","1103.77","1.33","842.39","21"
"8/28/2022","12:19:00","1409.51","1159.13","1.91","873.95","21"
"8/28/2022","12:20:00","1431.71","1120.24","1.19","858.35","21"
"8/28/2022","12:21:00","1419.82","1148.4","2.38","988.82","12"
"8/28/2022","12:22:00","1433.33","1090.19","1.05","855.04","12"
"8/28/2022","12:23:00","1411.63","1107.99","1.93","816.14","12"
"8/28/2022","12:24:00","1405.69","1065.63","2.71","973.85","12"
"8/28/2022","12:25:00","1408.76","1105.28","3.31","760.68","12"
"8/28/2022","12:26:00","1416.89","1124.11","2.65","927.87","12"
"8/28/2022","12:27:00","1437.18","1034.15","1.82","1005.58","12"
"8/28/2022","12:28:00","1407.65","1007.46","2.47","988.83","12"
"8/28/2022","12:29:00","1415.82","1060.81","2.77","894.48","12"
"8/28/2022","12:30:00","1419.3","1061.92","2.36","789.49","12"
"8/28/2022","12:31:00","1445.75","1069.94","1","1013.12","12"
"8/28/2022","12:32:00","1437.79","1093.46","1.34","798.48","12"
"8/28/2022","12:33:00","1405.93","1020.58","2.42","1004.89","12"
"8/28/2022","12:34:00","1427.66","1126.3","1.55","903.49","12"
"8/28/2022","12:35:00","1413.85","1026.04","1.05","1014.65","12"
"8/28/2022","12:36:00","1438.21","1005.93","3.41","949.18","12"
"8/28/2022","12:37:00","1419.44","1083.13","2.32","895.84","12"
"8/28/2022","12:38:00","1411.65","1088.1","1.24","922.02","12"
"8/28/2022","12:39:00","1441.83","1083.29","1.41","802.59","12"
"8/28/2022","12:40:00","1410.43","1105.51","1.49","807.53","12"
"8/28/2022","12:41:00","1406.92","1016.32","1.6","809.36","12"
"8/28/2022","12:42:00","1426.95","1186.76","1.96","944.18","12"
"8/28/2022","12:43:00","1446.55","1150.1","3.32","796.99","12"
"8/28/2022","12:44:00","1418.9","1081.02","2.7","871.38","12"
"8/28/2022","12:45:00","1421.89","1116.21","2.42","1024.92","12"
"8/28/2022","12:46:00","1448.71","1189.28","1.25","893.97","12"
"8/28/2022","12:47:00","1430.11","1157.64","2.4","1008.32","12"
"8/28/2022","12:48:00","1428.21","1133.11","2.69","775.25","12"
"8/28/2022","12:49:00","1433","1098.57","1.26","832.53","12"
"8/28/2022","12:50:00","1409.02","1079.27","1.1","938.31","12"
"8/28/2022","12:51:00","1412.88","1015.32","3.25","756.26","12"
"8/28/2022","12:52:00","1406.13","1136.82","1.08","1035.53","12"
"8/28/2022","12:53:00","1417.53","1001.15","1.71","826.2","12"
"8/28/2022","12:54:00","1400.05","1171.31","1.45","814.86","12"
"8/28/2022","12:55:00","1408.83","1017.52","2.98","970.55","12"
"8/28/2022","12:56:00","1416.87","1059.65","2.58","948.95","12"
"8/28/2022","12:57:00","1447.16","1168.73","1.06","917.62","12"
"8/28/2022","12:58:00","1435.57","1196.33","2.56","777.69","12"
"8/28/2022","12:59:00","1433.57","1048.88","2.34","783.24","21"
"8/28/2022","13:00:00","1426.14","1071.18","2.48","782.92","21"
"8/28/2022","13:01:00","1425.21","1050.8","1.62","982.82","21"
"8/28/2022","13:02:00","1426.51","1074.77","1.3","879.15","21"
"8/28/2022","13:03:00","1425.47","1046.27","2.57","862.93","21"
"8/28/2022","13:04:00","1449.24","1119.02","1.49","995.41","21"
"8/28/2022","13:05:00","1424.5","1096.96","2.83","987.7","21"
"8/28/2022","13:06:00","1445.47","1185.51","3.28","903.37","21"
"8/28/2022","13:07:00","1419.84","1053.57","1.33","837.95","21"
"8/28/2022","13:08:00","1425.24","1189.06","2.69","793.89","21"
"8/28/2022","13:09:00","1413.38","1134.42","2.56","755.26","21"
"8/28/2022","13:10:00","1426.75","1112.62","2.88","920.58","21"
"8/28/2022","13:11:00","1403.64","1036.55","1.17","870.95","21"
"8/28/2022","13:12:00","1418.29","1062.17","3.01","1029.69","21"
"8/28/2022","13:13:00","1443.85","1116","2.79","940.08","21"
"8/28/2022","13:14:00","1420.32","1137.25","1.21","753.17","21"
"8/28/2022","13:15:00","1443.42","1080.64","2.84","978.93","21"
"8/28/2022","13:16:00","1407.74","1199.98","3.23","829.56","21"
"8/28/2022","13:17:00","1409.18","1004.24","1.39","875.64","21"
"8/28/2022","13:18:00","1404.84","1175.43","2.63","794.38","21"
"8/28/2022","13:19:00","1408.3","1060.05","2.85","814.19","21"
"8/28/2022","13:20:00","1425.4","1051.53","1.25","862.58","21"
"8/28/2022","13:21:00","1439.24","1134.88","1.46","927.07","21"
"8/28/2022","13:22:00","1428.79","1175.24","2.22","972.57","21"
"8/28/2022","13:23:00","1419.87","1100.38","1.14","1023.58","21"
"8/28/2022","13:24:00","1425.26","1081.75","2.43","989.7","21"
"8/28/2022","13:25:00","1448.53","1165.88","1.29","910.41","21"
"8/28/2022","13:26:00","1421.17","1113.36","2.29","1030.08","21"
"8/28/2022","13:27:00","1435.56","1097.44","1.53","978.65","21"
"8/28/2022","13:28:00","1438.88","1141.76","2.3","975.99","21"
"8/28/2022","13:29:00","1443.24","1094.43","3.23","916.2","21"
"8/28/2022","13:30:00","1444.35","1155.77","3.06","942.04","21"
"8/28/2022","13:31:00","1402","1149.48","2.18","992.34","21"
"8/28/2022","13:32:00","1424.65","1140.89","3.36","883.43","21"
"8/28/2022","13:33:00","1441.93","1052.28","2.32","830.4","21"
"8/28/2022","13:34:00","1406.58","1049.62","3.47","963.23","21"
"8/28/2022","13:35:00","1438.94","1130.49","1.18","863.16","21"
"8/28/2022","13:36:00","1400.17","1106.61","3.04","914.19","21"
"8/28/2022","13:37:00","1427.13","1149.48","2.83","1022.73","21"
"8/28/2022","13:38:00","1408.74","1018.79","2.43","869.13","21"
"8/28/2022","13:39:00","1416.4","1194.94","1.84","990.03","21"
"8/28/2022","13:40:00","1434.05","1091.96","1.32","1003.57","21"
"8/28/2022","13:41:00","1406.8","1093.44","3.14","959.36","21"
"8/28/2022","13:42:00","1411.57","1066.41","2.7","929.94","21"
"8/28/2022","13:43:00","1402.76","1170.06","2.04","878.73","21"
"8/28/2022","13:44:00","1446.67","1062.97","2.98","844.18","21"
"8/28/2022","13:45:00","1413.83","1160.51","1.25","881.41","21"
"8/28/2022","13:46:00","1400.56","1114.27","1.34","896.31","21"
"8/28/2022","13:47:00","1445.11","1176.02","2.32","916.95","21"
"8/28/2022","13:48:00","1427.14","1172.66","2.41","1014.13","21"
"8/28/2022","13:49:00","1403.66","1049.1","2.13","988.16","21"
"8/28/2022","13:50:00","1429.1","1022.51","1.06","755.05","21"
"8/28/2022","13:51:00","1439.15","1143.71","1.82","791.72","21"
"8/28/2022","13:52:00","1449.59","1133.73","2.23","808.16","21"
"8/28/2022","13:53:00","1441.89","1159.72","2.62","854.84","21"
"8/28/2022","13:54:00","1448.31","1077.9","1.36","815.29","21"
"8/28/2022","13:55:00","1419.63","1001.02","2.03","873.08","21"
"8/28/2022","13:56:00","1404.62","1043.9","3.47","754.52","21"
"8/28/2022","13:57:00","1423.46","1132.28","2.55","1044.56","21"
"8/28/2022","13:58:00","1413.68","1041.23","2.23","899.17","21"
"8/28/2022","13:59:00","1444.01","1027.44","1.38","842.64","21"
"8/28/2022","14:00:00","1400.04","1051.17","3.49","909.67","21"
"8/28/2022","14:01:00","1427.35","1183.04","2.58","788.8","21"
"8/28/2022","14:02:00","1418.24","1033.77","1.22","903.54","21"
"8/28/2022","14:03:00","1409.14","1014.6","3.18","1018.72","21"
"8/28/2022","14:04:00","1411.05","1091.59","2.21","1027.42","21"
"8/28/2022","14:05:00","1433.59","1087.2","2.16","1037.61","21"
"8/28/2022","14:06:00","1449.6","1058.54","2.47","851.66","21"
"8/28/2022","14:07:00","1449.31","1069.35","2.65","855.93","21"
"8/28/2022","14:08:00","1443.07","1169.93","1.68","752.7","21"
"8/28/2022","14:09:00","1446.67","1159.56","2.26","911.83","21"
"8/28/2022","14:10:00","1429.95","1061.85","1.33","849.79","21"
"8/28/2022","14:11:00","1420.04","1020.41","2.2","905.64","21"
"8/28/2022","14:12:00","1446.57","1105.84","1.99","847.87","21"
"8/28/2022","14:13:00","1438.68","1182.25","1.78","766.93","21"
"8/28/2022","14:14:00","1401.14","1159.35","2.79","867.88","21"
"8/28/2022","14:15:00","1444.92","1155.86","2.48","890.65","21"
"8/28/2022","14:16:00","1426.12","1115.82","1.15","1047.77","33"
"8/28/2022","14:17:00","1421.56","1163.51","3.18","767.99","33"
"8/28/2022","14:18:00","1427.07","1174.04","3.2","1015.99","33"
"8/28/2022","14:19:00","1438.82","1005.39","2.42","1002.13","33"
"8/28/2022","14:20:00","1405.02","1073.39","2.28","757.01","33"
"8/28/2022","14:21:00","1419.28","1071","2.4","763.73","33"
"8/28/2022","14:22:00","1409.32","1032.93","2.59","799.73","33"
"8/28/2022","14:23:00","1403.3","1011.72","3.28","966.65","33"
"8/28/2022","14:24:00","1426.58","1181.93","1","858.38","33"
"8/28/2022","14:25:00","1410.7","1040.13","2.72","1004.54","33"
"8/28/2022","14:26:00","1415.73","1179.23","2.21","868.51","33"
"8/28/2022","14:27:00","1400.3","1009.56","1.9","1025.15","33"
"8/28/2022","14:28:00","1410.07","1063.48","3.18","830.4","33"
"8/28/2022","14:29:00","1431.98","1025.86","1.82","813.44","33"
"8/28/2022","14:30:00","1449.15","1008.62","2.83","925.81","33"
"8/28/2022","14:31:00","1406.68","1099.56","2.17","919.3","33"
"8/28/2022","14:32:00","1422.96","1050.53","1.75","766.36","33"
"8/28/2022","14:33:00","1431.52","1153.03","1.26","909.92","33"
"8/28/2022","14:34:00","1410.67","1085.15","1.75","942.9","33"
"8/28/2022","14:35:00","1403.2","1058.46","1.4","836.71","33"
"8/28/2022","14:36:00","1447.52","1143.14","1.69","877.29","33"
"8/28/2022","14:37:00","1429.68","1170.25","2.26","753.41","33"
"8/28/2022","14:38:00","1420.89","1016.22","1.22","897.7","21"
"8/28/2022","14:39:00","1427.91","1121.55","1.29","895.29","21"
"8/28/2022","14:40:00","1425.21","1058.93","2.97","883.39","21"
"8/28/2022","14:41:00","1404.92","1151.68","3.16","774.57","21"
"8/28/2022","14:42:00","1424.7","1134.91","3.25","897.56","21"
"8/28/2022","14:43:00","1404.64","1012.39","2.06","787.4","21"
"8/28/2022","14:44:00","1437.58","1051.13","2.01","800.62","21"
"8/28/2022","14:45:00","1432.78","1098.01","1.71","1038.04","21"
"8/28/2022","14:46:00","1444.33","1016.47","2.86","1038.66","21"
"8/28/2022","14:47:00","1444.17","1173.55","2.63","865.25","21"
"8/28/2022","14:48:00","1439.25","1149.64","3.11","897.98","21"
"8/28/2022","14:49:00","1415.57","1031.48","2.64","982.85","21"
"8/28/2022","14:50:00","1418.54","1141.08","3.16","853.61","21"
"8/28/2022","14:51:00","1423.05","1122.15","2.34","1013.21","21"
"8/28/2022","14:52:00","1400.38","1014.29","1.54","773.72","21"
"8/28/2022","14:53:00","1415.13","1111.82","2.4","1032.76","21"
"8/28/2022","14:54:00","1423.78","1014.48","2.33","1045.92","21"
"8/28/2022","14:55:00","1418.76","1028.64","1.38","925.87","21"
"8/28/2022","14:56:00","1417.83","1117.59","1.21","881.43","21"
"8/28/2022","14:57:00","1442.61","1065.06","3.15","916.43","21"
"8/28/2022","14:58:00","1441.14","1152.02","2.11","850.89","21"
"8/28/2022","14:59:00","1447.22","1150.27","1.73","975.53","21"
"8/28/2022","15:00:00","1408.61","1067.77","1.05","1015.94","21"
"8/28/2022","15:01:00","1436.54","1192.85","3.05","797.61","21"
"8/28/2022","15:02:00","1415.82","1015.63","3.41","850.81","21"
"8/28/2022","15:03:00","1446.43","1139.81","2.67","1000.89","21"
"8/28/2022","15:04:00","1423.81","1143.67","1.69","1019.91","21"
"8/28/2022","15:05:00","1407.67","1045.62","2.95","953.47","21"
"8/28/2022","15:06:00","1430","1124.7","1.35","1047.68","21"
"8/28/2022","15:07:00","1408.49","1156.69","1.14","871.54","21"
"8/28/2022","15:08:00","1445.46","1125.55","2.35","1020.15","21"
"8/28/2022","15:09:00","1417.99","1070.27","3.26","1015.78","21"
"8/28/2022","15:10:00","1408.67","1099.06","1.62","936.99","21"
"8/28/2022","15:11:00","1430.34","1153.95","2.95","1024.33","21"
"8/28/2022","15:12:00","1434.54","1191.24","3.18","753.2","21"
"8/28/2022","15:13:00","1403.85","1068.05","2.92","769.24","21"
"8/28/2022","15:14:00","1414.94","1068.02","2.62","886.92","21"
"8/28/2022","15:15:00","1404.36","1072.92","2.41","844.99","21"
"8/28/2022","15:16:00","1422.46","1017.35","2.23","932.09","21"
"8/28/2022","15:17:00","1426.28","1024","1.55","941.22","21"
"8/28/2022","15:18:00","1430.58","1046.18","2.38","805.15","21"
"8/28/2022","15:19:00","1422.54","1096.24","3.08","909.61","21"
"8/28/2022","15:20:00","1400.11","1013.45","3.04","983.29","21"
"8/28/2022","15:21:00","1445.9","1132.23","2.28","1008.99","21"
"8/28/2022","15:22:00","1448.35","1012.92","2.64","873.41","21"
"8/28/2022","15:23:00","1446.15","1174.81","1.15","828.02","21"
"8/28/2022","15:24:00","1449.95","1007.62","2.16","819.48","21"
"8/28/2022","15:25:00","1401.92","1176.36","3.36","983.74","21"
"8/28/2022","15:26:00","1401.31","1154.83","3.03","815.64","21"
"8/28/2022","15:27:00","1402.61","1163.21","1.6","839.14","21"
"8/28/2022","15:28:00","1405.45","1171.77","3.3","770.02","21"
"8/28/2022","15:29:00","1411.76","1173.26","3.28","1020.99","21"
"8/28/2022","15:30:00","1403.75","1124.47","2","925.41","21"
"8/28/2022","15:31:00","1423.07","1014.23","3.34","782.8","21"
"8/28/2022","15:32:00","1432.06","1074.17","2.66","880.11","21"
"8/28/2022","15:33:00","1419.43","1009.53","3.05","818.47","21"
"8/28/2022","15:34:00","1406.92","1000.65","1.16","988.25","21"
"8/28/2022","15:35:00","1429.76","1119.57","3.1","1040.72","21"
"8/28/2022","15:36:00","1425.77","1070.69","3.42","943.61","21"
"8/28/2022","15:37:00","1420.41","1152.78","1.66","816.05","21"
"8/28/2022","15:38:00","1401.8","1158.34","2.43","796.49","21"
"8/28/2022","15:39:00","1444.6","1063.92","1.67","832.75","21"
"8/28/2022","15:40:00","1428.23","1184.66","1.14","888.38","21"
"8/28/2022","15:41:00","1434.95","1120.54","2.81","892.76","21"
"8/28/2022","15:42:00","1404.84","1015.92","2.54","948.59","21"
"8/28/2022","15:43:00","1413.24","1055.63","1.16","923.3","21"
"8/28/2022","15:44:00","1428.37","1123.81","1.56","1006.75","21"
"8/28/2022","15:45:00","1424.9","1180.71","3.01","794.53","21"
"8/28/2022","15:46:00","1434.68","1108.32","2.23","924.38","21"
"8/28/2022","15:47:00","1416.74","1048.64","1.33","840.2","21"
"8/28/2022","15:48:00","1418.4","1059.1","3.19","964.5","21"
"8/28/2022","15:49:00","1415.37","1184.27","2.08","907.6","21"
"8/28/2022","15:50:00","1404.95","1129.92","1.57","848.33","21"
"8/28/2022","15:51:00","1415.96","1078.99","2.19","915.92","21"
"8/28/2022","15:52:00","1414.72","1113.67","1.51","907.09","21"
"8/28/2022","15:53:00","1421.06","1109.08","1.26","976.55","21"
"8/28/2022","15:54:00","1413.27","1161.01","1.77","782.99","21"
"8/28/2022","15:55:00","1447.96","1116.55","2.53","780.02","21"
"8/28/2022","15:56:00","1433.68","1106.04","1.25","833.8","21"
"8/28/2022","15:57:00","1413.91","1155.24","1.81","971.9","21"
"8/28/2022","15:58:00","1446.57","1032.88","3.47","840.1","21"
"8/28/2022","15:59:00","1434.92","1174.61","1.74","844.26","21"
"8/28/2022","16:00:00","1411.4","1052.87","3.18","798.62","21"
"8/28/2022","16:01:00","1434.97","1106.55","2.36","805.9","21"
"8/28/2022","16:02:00","1413.95","1124.64","2.4","763.3","21"
"8/28/2022","16:03:00","1410.69","1106.45","3.43","957.24","21"
"8/28/2022","16:04:00","1417.41","1049.82","2.21","781.93","21"
"8/28/2022","16:05:00","1421.03","1143.99","2.7","781.94","21"
"8/28/2022","16:06:00","1414.59","1138.26","3.04","931.27","21"
"8/28/2022","16:07:00","1400.94","1131.98","2.14","985.97","21"
"8/28/2022","16:08:00","1406.11","1005.62","2.55","864","21"
"8/28/2022","16:09:00","1412.11","1185.71","1.69","1047.25","21"
"8/28/2022","16:10:00","1419.05","1016.69","3.08","755.23","21"
"8/28/2022","16:11:00","1403.86","1131.74","3","875.89","21"
"8/28/2022","16:12:00","1439.46","1139.83","2.67","792.1","21"
"8/28/2022","16:13:00","1440.15","1139.62","1.58","857.65","21"
"8/28/2022","16:14:00","1444.27","1006.79","1.22","865.87","21"
"8/28/2022","16:15:00","1428.43","1098.75","2.58","935.56","21"
"8/28/2022","16:16:00","1418.99","1079.48","2.62","881.34","21"
"8/28/2022","16:17:00","1427.38","1165.64","1.47","1000.89","21"
"8/28/2022","16:18:00","1421.01","1179.63","3.01","1008.3","21"
"8/28/2022","16:19:00","1407.27","1158.1","1.18","1035.83","21"
"8/28/2022","16:20:00","1415.4","1169.79","1.81","874.85","21"
"8/28/2022","16:21:00","1430.11","1036.01","2.48","916.63","21"
"8/28/2022","16:22:00","1430.92","1198.35","1.93","826.74","21"
"8/28/2022","16:23:00","1434.96","1138.42","2.59","983.42","21"
"8/28/2022","16:24:00","1424.22","1027.13","2.96","985.63","21"
"8/28/2022","16:25:00","1405.5","1159.48","2.01","939.67","21"
"8/28/2022","16:26:00","1447.52","1139.33","1.47","889.86","21"
"8/28/2022","16:27:00","1413.25","1057.14","3.16","969.65","21"
"8/28/2022","16:28:00","1414.19","1074.09","3.18","888.98","21"
"8/28/2022","16:29:00","1409.16","1158.51","2.69","819.36","21"
"8/28/2022","16:30:00","1400.54","1185.61","1.23","923.22","21"
"8/28/2022","16:31:00","1406.18","1172.15","2.73","1000.61","21"
"8/28/2022","16:32:00","1449.27","1063.39","2.01","782.09","21"
"8/28/2022","16:33:00","1448.05","1117.15","2.48","864.66","21"
"8/28/2022","16:34:00","1431.44","1077.27","1.44","890.79","21"
"8/28/2022","16:35:00","1426.26","1168.59","1.36","821.75","21"
"8/28/2022","16:36:00","1444.87","1190.33","1.8","843.79","21"
"8/28/2022","16:37:00","1425.08","1180.47","2.17","861.75","21"
"8/28/2022","16:38:00","1443.17","1194.43","2.27","890.99","21"
"8/28/2022","16:39:00","1447.95","1100.7","1.98","911.09","21"
"8/28/2022","16:40:00","1420.95","1158.81","3.12","809.21","21"
"8/28/2022","16:41:00","1445.62","1197.72","1.85","1035.42","21"
"8/28/2022","16:42:00","1412.57","1136.84","1.95","884.26","21"
"8/28/2022","16:43:00","1403.47","1106.04","1.99","768.19","21"
"8/28/2022","16:44:00","1424.85","1162.36","1.75","961.36","21"
"8/28/2022","16:45:00","1434.66","1193.67","3.24","938.6","21"
"8/28/2022","16:46:00","1418.88","1041.91","2.01","1029.17","21"
"8/28/2022","16:47:00","1430.44","1085.84","3.31","927.98","21"
"8/28/2022","16:48:00","1435.39","1128.75","2.36","884.25","21"
"8/28/2022","16:49:00","1436","1098.87","3.22","782.32","21"
"8/28/2022","16:50:00","1423.82","1012.66","2.08","773.65","21"
"8/28/2022","16:51:00","1414.29","1189.4","2.35","994.98","21"
"8/28/2022","16:52:00","1403.15","1063.26","3.17","767.46","21"
"8/28/2022","16:53:00","1437.56","1188.68","1.04","1044.93","21"
"8/28/2022","16:54:00","1410.76","1162.49","2.69","947.15","21"
"8/28/2022","16:55:00","1405.18","1119.78","2.42","1000.19","21"
"8/28/2022","16:56:00","1436.12","1199.78","1.66","846.07","21"
"8/28/2022","16:57:00","1428.49","1079.83","2.92","792.24","21"
"8/28/2022","16:58:00","1407.72","1068.79","2.3","966.55","21"
"8/28/2022","16:59:00","1403.9","1023.99","2.18","828","21"
"8/28/2022","17:00:00","1434.46","1026.01","1.81","834.04","21"
"8/28/2022","17:01:00","1447.13","1027.67","3.24","782.33","21"
"8/28/2022","17:02:00","1412.2","1043.39","2.83","883.02","21"
"8/28/2022","17:03:00","1408.81","1120.79","2.42","909.41","21"
"8/28/2022","17:04:00","1427.91","1131.69","2.85","994.96","21"
"8/28/2022","17:05:00","1444.93","1001.77","2.82","943.29","21"
"8/28/2022","17:06:00","1405.93","1107.07","3.43","866.58","21"
"8/28/2022","17:07:00","1416.34","1053.75","1.39","813.04","21"
"8/28/2022","17:08:00","1443.54","1149.49","3.27","800.16","21"
"8/28/2022","17:09:00","1400.32","1118.54","3.42","1027.02","21"
"8/28/2022","17:10:00","1448.34","1048.12","1.6","1021.96","21"
"8/28/2022","17:11:00","1419.41","1136.89","1.54","805.74","21"
"8/28/2022","17:12:00","1433.88","1161.86","3.31","810.3","21"
"8/28/2022","17:13:00","1428.01","1032.31","2.38","841.35","21"
"8/28/2022","17:14:00","1423.82","1132.92","3.2","793.16","21"
"8/28/2022","17:15:00","1404.83","1143.7","3.11","792.02","21"
"8/28/2022","17:16:00","1427.1","1082.77","3.2","831.14","21"
"8/28/2022","17:17:00","1406.64","1036.54","2.84","818.47","21"
"8/28/2022","17:18:00","1431.82","1115.47","1.55","942.55","21"
"8/28/2022","17:19:00","1446.05","1095.05","1.97","982.81","21"
"8/28/2022","17:20:00","1411.16","1190.2","1.54","789.35","21"
"8/28/2022","17:21:00","1415.99","1149.15","2.15","848.93","21"
"8/28/2022","17:22:00","1436.56","1146.49","3.23","926.22","21"
"8/28/2022","17:23:00","1405.76","1155.25","2.31","934.54","21"
"8/28/2022","17:24:00","1407.37","1010.58","1.61","906.39","21"
"8/28/2022","17:25:00","1428.27","1026.24","3.08","1031.59","21"
"8/28/2022","17:26:00","1431.51","1151.74","2.04","1033.41","21"
"8/28/2022","17:27:00","1417.09","1129.69","2.01","908.79","21"
"8/28/2022","17:28:00","1441.49","1016.94","2.33","939.69","41"
"8/28/2022","17:29:00","1417.88","1002.4","3.15","823.3","41"
"8/28/2022","17:30:00","1444.31","1199.88","2.87","1025.22","41"
"8/28/2022","17:31:00","1435.3","1109.9","3.24","942.99","41"
"8/28/2022","17:32:00","1414.4","1124.12","3.11","951.72","41"
"8/28/2022","17:33:00","1404.33","1195.43","2.25","780.51","41"
"8/28/2022","17:34:00","1447.26","1110.63","1.22","1049.45","41"
"8/28/2022","17:35:00","1404.6","1193.79","1.33","854.92","41"
"8/28/2022","17:36:00","1423.59","1159.99","1.86","754.45","41"
"8/28/2022","17:37:00","1439.28","1118.18","1.81","919.03","41"
"8/28/2022","17:38:00","1442.19","1035.69","1.27","1034.78","41"
"8/28/2022","17:39:00","1400.88","1175.56","1.85","1002.23","41"
"8/28/2022","17:40:00","1435.39","1096.6","1.92","825.31","41"
"8/28/2022","17:41:00","1432.71","1006.25","2.63","853.09","41"
"8/28/2022","17:42:00","1417.74","1124.79","1.3","829.63","41"
"8/28/2022","17:43:00","1409.26","1173.63","3.44","776.99","41"
"8/28/2022","17:44:00","1449.86","1036.67","3.43","800.31","41"
"8/28/2022","17:45:00","1414.64","1196.64","2.4","1038.03","41"
"8/28/2022","17:46:00","1436.9","1166.6","1.09","818.93","41"
"8/28/2022","17:47:00","1435.49","1032.72","1.18","1040.04","41"
"8/28/2022","17:48:00","1428.61","1185.43","1.11","952.5","41"
"8/28/2022","17:49:00","1428.65","1036.01","2.19","873.8","41"
"8/28/2022","17:50:00","1415.19","1019.47","2.82","846.73","41"
"8/28/2022","17:51:00","1435.05","1046.57","3.45","945.24","41"
"8/28/2022","17:52:00","1444.49","1159.81","1.19","816.06","41"
"8/28/2022","17:53:00","1440.22","1164.28","3.04","906.49","41"
"8/28/2022","17:54:00","1436.18","1139.64","2.71","1018.77","41"
"8/28/2022","17:55:00","1439.01","1161.03","2.14","834.98","41"
"8/28/2022","17:56:00","1421.46","1015.74","3.21","999.76","41"
"8/28/2022","17:57:00","1412.84","1040.37","2.6","871.01","41"
"8/28/2022","17:58:00","1435.37","1175.41","1.1","835.15","41"
"8/28/2022","17:59:00","1442.88","1044.52","1.47","833.48","41"
"8/28/2022","18:00:00","1440.85","1044.5","2.99","805.06","41"
"8/28/2022","18:01:00","1415.72","1168.69","3.35","806.6","41"
"8/28/2022","18:02:00","1410.78","1084.86","2.44","768.42","21"
"8/28/2022","18:03:00","1407.15","1036.62","2.77","1030.02","21"
"8/28/2022","18:04:00","1435.72","1137.64","1.5","852.58","21"
"8/28/2022","18:05:00","1418.65","1185.6","1.37","823.82","21"
"8/28/2022","18:06:00","1409.66","1132.89","2.1","842.24","21"
"8/28/2022","18:07:00","1444.56","1111.05","3.36","818.27","21"
"8/28/2022","18:08:00","1443.27","1051.44","1.94","826.83","21"
"8/28/2022","18:09:00","1446.65","1123.51","1.51","1033.7","21"
"8/28/2022","18:10:00","1446.04","1069.72","1.7","862.68","21"
"8/28/2022","18:11:00","1427.34","1177.71","2.93","773.17","21"
"8/28/2022","18:12:00","1408.96","1129.8","3.18","883.5","21"
"8/28/2022","18:13:00","1400.22","1000.51","3.21","886.43","21"
"8/28/2022","18:14:00","1400.2","1124.91","2.63","800.22","21"
"8/28/2022","18:15:00","1412.01","1144.73","1.85","992.63","21"
"8/28/2022","18:16:00","1412.52","1123.32","1.35","1012.33","21"
"8/28/2022","18:17:00","1434.68","1065.38","2.3","773.47","21"
"8/28/2022","18:18:00","1433.52","1054.16","2.76","757.75","21"
"8/28/2022","18:19:00","1436.97","1054.88","2.02","931.7","21"
"8/28/2022","18:20:00","1401.35","1107.07","2.79","980.61","21"
"8/28/2022","18:21:00","1416.5","1017.26","3.22","825.72","21"
"8/28/2022","18:22:00","1429.9","1185.3","1.12","775.02","21"
"8/28/2022","18:23:00","1449.12","1127.1","1","1041.05","21"
"8/28/2022","18:24:00","1440.4","1007.29","3.14","905.34","21"
"8/28/2022","18:25:00","1445.89","1064.84","2.96","790.04","21"
"8/28/2022","18:26:00","1429.17","1075.16","2.78","817.59","21"
"8/28/2022","18:27:00","1443.5","1071.25","2.91","846.36","21"
"8/28/2022","18:28:00","1402.57","1125.96","3.42","1008.29","21"
"8/28/2022","18:29:00","1422.8","1187.2","1.96","962.29","21"
"8/28/2022","18:30:00","1434.61","1075.03","2.42","982.68","21"
"8/28/2022","18:31:00","1424.39","1072.37","1.85","832.84","21"
"8/28/2022","18:32:00","1440.31","1146.34","3.15","834.44","21"
"8/28/2022","18:33:00","1420.88","1075.07","1.98","1025.16","21"
"8/28/2022","18:34:00","1400.94","1091.34","1.14","980.12","21"
"8/28/2022","18:35:00","1406.5","1071.03","2.7","887.39","21"
"8/28/2022","18:36:00","1434.41","1106.06","1.12","831.81","21"
"8/28/2022","18:37:00","1437.01","1060.52","1.26","953.61","21"
"8/28/2022","18:38:00","1440.81","1072.14","3.39","1003.36","21"
"8/28/2022","18:39:00","1426.65","1072.67","1.6","790.32","21"
"8/28/2022","18:40:00","1441.89","1129.86","2.98","814.83","21"
"8/28/2022","18:41:00","1419.98","1071.92","1.74","954.93","21"
"8/28/2022","18:42:00","1442.5","1010.15","1.31","1047.55","21"
"8/28/2022","18:43:00","1434.07","1181.25","2.64","961.74","21"
"8/28/2022","18:44:00","1432.13","1198.77","3.48","772.89","21"
"8/28/2022","18:45:00","1438.22","1177.07","1.75","960.5","21"
"8/28/2022","18:46:00","1422.85","1029.09","3.11","1025.12","21"
"8/28/2022","18:47:00","1424.43","1042.22","1.26","1026.87","21"
"8/28/2022","18:48:00","1423.53","1122.36","2.36","1034.05","21"
"8/28/2022","18:49:00","1440.38","1051.54","1.11","803.11","21"
"8/28/2022","18:50:00","1407.72","1137.22","2.71","960.24","21"
"8/28/2022","18:51:00","1442.58","1011.94","3.48","844.3","21"
"8/28/2022","18:52:00","1414.95","1112.02","3.11","957.6","21"
"8/28/2022","18:53:00","1438.3","1106.6","2","908.17","21"
"8/28/2022","18:54:00","1425.6","1197.48","2.47","787.81","21"
"8/28/2022","18:55:00","1406.34","1052.5","2.54","860.33","21"
"8/28/2022","18:56:00","1438.42","1187.88","3.16","805.19","21"
"8/28/2022","18:57:00","1413.57","1042.35","2.95","771.55","21"
"8/28/2022","18:58:00","1401.51","1086.7","2.7","971.98","21"
"8/28/2022","18:59:00","1448.39","1018.25","2.48","801.75","21"
"8/28/2022","19:00:00","1405.3","1087.8","1.75","1037.46","21"
"8/28/2022","19:01:00","1428.36","1052.86","2.23","790.37","21"
"8/28/2022","19:02:00","1428.64","1167.25","2.17","834.47","21"
"8/28/2022","19:03:00","1442.85","1021.62","1.98","880.65","21"
"8/28/2022","19:04:00","1415.17","1092.95","3.23","950.99","21"
"8/28/2022","19:05:00","1409.42","1062.45","2.5","773.62","21"
"8/28/2022","19:06:00","1413.2","1188.72","2.97","905.48","21"
"8/28/2022","19:07:00","1400.24","1061.19","1.26","934.2","21"
"8/28/2022","19:08:00","1403.39","1141.23","2.92","945.7","21"
"8/28/2022","19:09:00","1432.44","1006.63","2.65","943.51","21"
"8/28/2022","19:10:00","1433.31","1066.99","1.49","783.99","21"
"8/28/2022","19:11:00","1423.4","1015.27","1.12","792.85","21"
"8/28/2022","19:12:00","1437.77","1147.04","2.09","934.02","21"
"8/28/2022","19:13:00","1419.05","1111.6","3.18","772.59","21"
"8/28/2022","19:14:00","1424.94","1117.24","2.82","828.71","21"
"8/28/2022","19:15:00","1411.03","1010.52","3.19","1040.98","21"
"8/28/2022","19:16:00","1410.88","1143.3","1.35","819.31","21"
"8/28/2022","19:17:00","1423.39","1175.11","2.84","947.54","21"
"8/28/2022","19:18:00","1417.05","1107","1.01","782.28","21"
"8/28/2022","19:19:00","1402.29","1013.84","2.05","1027.82","21"
"8/28/2022","19:20:00","1403.38","1043.08","2.69","779.47","21"
"8/28/2022","19:21:00","1445.8","1164.2","2.16","844.94","21"
"8/28/2022","19:22:00","1442.43","1071.84","1.24","917.44","21"
"8/28/2022","19:23:00","1420.85","1025.53","2.73","830.76","21"
"8/28/2022","19:24:00","1415.89","1088.66","2.35","1039.24","21"
"8/28/2022","19:25:00","1438.38","1153.14","2.01","1019.26","21"
"8/28/2022","19:26:00","1428.37","1054.91","3.45","994.76","21"
"8/28/2022","19:27:00","1410.81","1036.59","2.39","928.25","21"
"8/28/2022","19:28:00","1418.25","1039.8","1.93","824.55","21"
"8/28/2022","19:29:00","1424.11","1072.45","2.33","909.22","21"
"8/28/2022","19:30:00","1424.07","1103.91","1.63","759.02","21"
"8/28/2022","19:31:00","1414.55","1156.8","1.1","862.69","21"
"8/28/2022","19:32:00","1433.03","1138.7","2.76","974.98","21"
"8/28/2022","19:33:00","1412.5","1000.22","2.21","921.07","21"
"8/28/2022","19:34:00","1409.77","1092.23","2.69","1036.36","21"
"8/28/2022","19:35:00","1423.71","1133.41","2.42","899.5","21"
"8/28/2022","19:36:00","1400.39","1162.92","1.65","853.44","21"
"8/28/2022","19:37:00","1413.76","1018.7","2.85","976.26","21"
"8/28/2022","19:38:00","1439.5","1019.11","3.05","877.29","21"
"8/28/2022","19:39:00","1427.24","1186.25","1.3","884.8","21"
"8/28/2022","19:40:00","1401.31","1043.68","1.06","983.63","21"
"8/28/2022","19:41:00","1410.94","1156.93","1.07","769.84","21"
"8/28/2022","19:42:00","1445.69","1025.19","1.15","755.17","21"
"8/28/2022","19:43:00","1418.95","1175.27","1.79","927.11","21"
"8/28/2022","19:44:00","1418.61","1048.98","2.46","924.52","21"
"8/28/2022","19:45:00","1423.86","1168.88","3.35","848.46","21"
"8/28/2022","19:46:00","1424.95","1049.01","1.35","1045.42","21"
"8/28/2022","19:47:00","1428.83","1044.32","2.25","1033.98","21"
"8/28/2022","19:48:00","1448.63","1159.44","2.41","796.34","21"
"8/28/2022","19:49:00","1409.02","1005.4","2.91","915.61","21"
"8/28/2022","19:50:00","1416.4","1187","2.74","858.59","21"
"8/28/2022","19:51:00","1439.76","1156.07","2.8","887.36","21"
"8/28/2022","19:52:00","1435.06","1087.27","1.37","988.34","21"
"8/28/2022","19:53:00","1427.56","1196.46","1.85","856.05","21"
"8/28/2022","19:54:00","1405.71","1051.06","1.16","790.54","21"
"8/28/2022","19:55:00","1447.26","1018.78","3.32","1041.15","21"
"8/28/2022","19:56:00","1424.82","1129.89","1.63","912.91","21"
"8/28/2022","19:57:00","1419.47","1146.35","3.04","789.25","21"
"8/28/2022","19:58:00","1427.34","1075.96","3.06","947.4","21"
"8/28/2022","19:59:00","1428.64","1056.12","1.11","820.8","21"
"8/28/2022","20:00:00","1431.87","1118.13","2.21","803.34","21"
"8/28/2022","20:01:00","1440.25","1015.94","2.86","868.65","21"
"8/28/2022","20:02:00","1413.34","1172.49","2.12","896.63","21"
"8/28/2022","20:03:00","1400.16","1150.69","1.22","841.17","21"
"8/28/2022","20:04:00","1407.74","1101.49","1.55","878.84","21"
"8/28/2022","20:05:00","1441.82","1164.92","2.54","879.06","21"
"8/28/2022","20:06:00","1411.86","1092.4","2.7","856.21","21"
"8/28/2022","20:07:00","1446.09","1072.1","1.57","992.36","21"
"8/28/2022","20:08:00","1400.75","1001.47","1.8","1020.28","21"
"8/28/2022","20:09:00","1413.02","1086.65","1.78","880.41","21"
"8/28/2022","20:10:00","1435.25","1055.09","1.01","1004.4","21"
"8/28/2022","20:11:00","1400","1098.82","1.45","810.58","21"
"8/28/2022","20:12:00","1423.86","1039.26","1.01","845.11","21"
"8/28/2022","20:13:00","1425.94","1026.88","1.4","964.3","21"
"8/28/2022","20:14:00","1434.27","1133.81","1.81","791.11","21"
"8/28/2022","20:15:00","1416.81","1087.74","2.61","827.02","21"
"8/28/2022","20:16:00","1433.64","1157.48","2.92","808.76","21"
"8/28/2022","20:17:00","1430.04","1122.78","2.66","870.33","21"
"8/28/2022","20:18:00","1439.73","1117.48","2.65","771.97","21"
"8/28/2022","20:19:00","1436.15","1180.84","1.96","931.93","21"
"8/28/2022","20:20:00","1433.06","1002.96","2.23","963.06","21"
"8/28/2022","20:21:00","1409.09","1150.59","1.42","829.17","21"
"8/28/2022","20:22:00","1441.68","1080.56","1.99","902.23","21"
"8/28/2022","20:23:00","1400.88","1056.48","2.33","772.52","21"
"8/28/2022","20:24:00","1417.89","1048.52","1.13","926.07","21"
"8/28/2022","20:25:00","1430.36","1109.38","1.05","980.47","21"
"8/28/2022","20:26:00","1416.6","1047.12","3.13","955.38","21"
"8/28/2022","20:27:00","1409.22","1196.52","2.21","882.5","21"
"8/28/2022","20:28:00","1404.94","1024.95","2.4","917.07","21"
"8/28/2022","20:29:00","1435.68","1111.21","3.2","870.86","21"
"8/28/2022","20:30:00","1428.33","1145.65","1.8","886.54","21"
"8/28/2022","20:31:00","1416.68","1119.81","3.24","989.07","21"
"8/28/2022","20:32:00","1403.2","1141.63","1.36","942.89","21"
"8/28/2022","20:33:00","1415.21","1173.02","1.98","798.81","21"
"8/28/2022","20:34:00","1432.85","1060.06","3.21","898.98","21"
"8/28/2022","20:35:00","1400.94","1046.33","2.48","1006.3","21"
"8/28/2022","20:36:00","1447.65","1073.17","3.3","1022.3","21"
"8/28/2022","20:37:00","1405.56","1046.58","2.45","812.74","21"
"8/28/2022","20:38:00","1435.95","1088.97","1.34","987.25","21"
"8/28/2022","20:39:00","1448.38","1065.23","1.14","1027.08","21"
"8/28/2022","20:40:00","1440.07","1019.81","2.23","1037.44","21"
"8/28/2022","20:41:00","1418.79","1189.5","2.27","933.75","21"
"8/28/2022","20:42:00","1431","1187.02","1.23","968.04","21"
"8/28/2022","20:43:00","1406.44","1151.1","1.74","1026.63","21"
"8/28/2022","20:44:00","1447.9","1188.11","1.23","1045.72","21"
"8/28/2022","20:45:00","1439.94","1043.17","1.7","887.73","21"
"8/28/2022","20:46:00","1429.11","1038.96","1.99","850.1","21"
"8/28/2022","20:47:00","1435.56","1009.11","1.74","964.97","21"
"8/28/2022","20:48:00","1415.21","1053.86","3.47","925.24","21"
"8/28/2022","20:49:00","1416.14","1137.6","3.04","875.75","21"
"8/28/2022","20:50:00","1427.26","1107.17","2.22","887.05","21"
"8/28/2022","20:51:00","1417.63","1191.2","1.39","1028.75","21"
"8/28/2022","20:52:00","1404.45","1178.07","1.26","971.06","21"
"8/28/2022","20:53:00","1428.58","1024.67","1.57","939.57","21"
"8/28/2022","20:54:00","1429.85","1040.81","2.75","975.91","21"
"8/28/2022","20:55:00","1435.37","1120","1.05","1000.19","32"
"8/28/2022","20:56:00","1414.46","1087.89","1.57","946.45","32"
"8/28/2022","20:57:00","1449.64","1151.86","3.17","977.14","32"
"8/28/2022","20:58:00","1442.2","1093.39","3.11","940.92","32"
"8/28/2022","20:59:00","1436.71","1074.31","2.23","902.77","32"
"8/28/2022","21:00:00","1448.62","1111.67","1.76","850.74","32"
"8/28/2022","21:01:00","1431.14","1019.58","2.73","1001.59","32"
"8/28/2022","21:02:00","1412.81","1011.85","3.15","817.65","32"
"8/28/2022","21:03:00","1410.85","1080.79","1.94","788.98","32"
"8/28/2022","21:04:00","1413.9","1084.12","2.1","920.33","32"
"8/28/2022","21:05:00","1449.6","1169.32","3.02","1035.04","32"
"8/28/2022","21:06:00","1435.66","1179.69","2.4","981.7","32"
"8/28/2022","21:07:00","1413.51","1026.28","1.57","942.43","32"
"8/28/2022","21:08:00","1425.22","1081.71","2.09","963.38","32"
"8/28/2022","21:09:00","1417.25","1145.25","1.24","751","32"
"8/28/2022","21:10:00","1443.59","1169.38","2.6","802.88","32"
"8/28/2022","21:11:00","1418.68","1185.19","1.23","934.62","32"
"8/28/2022","21:12:00","1428.2","1075.45","1.49","898.51","32"
"8/28/2022","21:13:00","1443.57","1093.22","1.96","930.18","32"
"8/28/2022","21:14:00","1442.55","1106.09","1.75","888.2","32"
"8/28/2022","21:15:00","1416.14","1043.22","1.96","1019.26","32"
"8/28/2022","21:16:00","1437.09","1125.49","3.16","800.77","32"
"8/28/2022","21:17:00","1410.1","1075.04","2.94","940.7","32"
"8/28/2022","21:18:00","1435.04","1092.87","1.73","880.14","32"
"8/28/2022","21:19:00","1433.01","1113.4","2.58","1028.25","32"
"8/28/2022","21:20:00","1425.61","1044.6","2.38","904.35","32"
"8/28/2022","21:21:00","1406.32","1034.74","3.12","762.7","32"
"8/28/2022","21:22:00","1414.36","1020.33","1.98","987.36","32"
"8/28/2022","21:23:00","1448.19","1064.2","1.02","1008.45","32"
"8/28/2022","21:24:00","1408.07","1063.38","2.56","754.29","21"
"8/28/2022","21:25:00","1416.17","1011.74","1.67","989.63","21"
"8/28/2022","21:26:00","1411.7","1145.25","2.15","811.31","21"
"8/28/2022","21:27:00","1431.65","1158.5","2.4","1004.72","21"
"8/28/2022","21:28:00","1447.06","1110.25","2.7","750.18","21"
"8/28/2022","21:29:00","1439.96","1057.46","2.51","1031.53","21"
"8/28/2022","21:30:00","1404.04","1065.65","2.41","1026.09","21"
"8/28/2022","21:31:00","1402.65","1187.2","2.53","1022.96","21"
"8/28/2022","21:32:00","1439.7","1081.21","3.4","1033.89","21"
"8/28/2022","21:33:00","1416.52","1121.93","1.18","939.37","21"
"8/28/2022","21:34:00","1402.99","1190.82","1.09","998.8","21"
"8/28/2022","21:35:00","1432.42","1046.79","2.26","882.99","21"
"8/28/2022","21:36:00","1436.64","1068.47","2.29","980.43","21"
"8/28/2022","21:37:00","1426.27","1101.44","1.18","794.93","21"
"8/28/2022","21:38:00","1408.22","1165.98","3.25","1038.22","21"
"8/28/2022","21:39:00","1434.72","1144.43","1.53","920.16","21"
"8/28/2022","21:40:00","1446.18","1131.22","1.15","898.46","21"
"8/28/2022","21:41:00","1424.32","1180.73","2.33","804.36","21"
"8/28/2022","21:42:00","1432.14","1130.32","2.73","951.87","21"
"8/28/2022","21:43:00","1443.24","1020.16","3.28","998.27","21"
"8/28/2022","21:44:00","1427.46","1124.62","1.84","810.96","21"
"8/28/2022","21:45:00","1425.08","1054.06","1.32","818.41","21"
"8/28/2022","21:46:00","1426.21","1042.42","2.32","1008.98","21"
"8/28/2022","21:47:00","1400.95","1185.33","3.17","806.42","21"
"8/28/2022","21:48:00","1416.07","1094.1","3.15","844.78","21"
"8/28/2022","21:49:00","1442.27","1123.81","1.08","1001.77","21"
"8/28/2022","21:50:00","1421.06","1142.2","1.01","1025.42","21"
"8/28/2022","21:51:00","1444.59","1035.81","1.94","928.92","21"
"8/28/2022","21:52:00","1408.41","1071.54","2.38","811.55","21"
"8/28/2022","21:53:00","1432.78","1047.14","1.15","768.06","21"
"8/28/2022","21:54:00","1404.52","1166.08","2.93","848.29","21"
"8/28/2022","21:55:00","1428.52","1057.23","2.69","807.03","21"
"8/28/2022","21:56:00","1445.94","1042.2","2.11","863.59","21"
"8/28/2022","21:57:00","1439.42","1190.99","2.47","1048.72","21"
"8/28/2022","21:58:00","1420.07","1167.16","3.2","1012.26","21"
"8/28/2022","21:59:00","1403.7","1172.66","2.71","844.66","21"
"8/28/2022","22:00:00","1437.74","1010.79","2.71","862.58","21"
"8/28/2022","22:01:00","1431.22","1164.36","2.96","1001.1","21"
"8/28/2022","22:02:00","1400.32","1030.93","3.31","954.36","21"
"8/28/2022","22:03:00","1439.6","1040.5","3.39","1027.38","21"
"8/28/2022","22:04:00","1402.86","1175.48","1.41","881.59","21"
"8/28/2022","22:05:00","1403.64","1080.84","1.24","931.43","21"
"8/28/2022","22:06:00","1420.77","1024.02","2.16","938.03","21"
"8/28/2022","22:07:00","1419.14","1061.21","1.65","1026.77","21"
"8/28/2022","22:08:00","1435.15","1041.99","1.25","925.39","21"
"8/28/2022","22:09:00","1400.5","1187.24","2.25","965.99","21"
"8/28/2022","22:10:00","1446.16","1136.81","1.55","941.11","21"
"8/28/2022","22:11:00","1426.29","1177.54","2.9","1030.6","21"
"8/28/2022","22:12:00","1400.64","1188.94","1.59","925.3","21"
"8/28/2022","22:13:00","1407.68","1107.33","1.86","761.79","21"
"8/28/2022","22:14:00","1427.06","1005.39","2.03","805.35","21"
"8/28/2022","22:15:00","1400.64","1193.68","2.28","1032.08","21"
"8/28/2022","22:16:00","1440.61","1125.32","2.46","863.82","21"
"8/28/2022","22:17:00","1423.2","1137.67","2.58","948.07","21"
"8/28/2022","22:18:00","1447.02","1114.8","3.5","1020.8","21"
"8/28/2022","22:19:00","1410.21","1084.37","3.33","1012.27","21"
"8/28/2022","22:20:00","1419.86","1060.86","2.26","810.25","21"
"8/28/2022","22:21:00","1448.73","1107.6","2.7","902.87","21"
"8/28/2022","22:22:00","1415.03","1010.74","1.8","802.1","21"
"8/28/2022","22:23:00","1400.08","1063.98","2.72","934.37","21"
"8/28/2022","22:24:00","1405.3","1184.67","2.48","856.87","21"
"8/28/2022","22:25:00","1406.25","1039.28","1.05","887.75","21"
"8/28/2022","22:26:00","1430.31","1125.63","2.36","878.28","21"
"8/28/2022","22:27:00","1403.69","1132.02","1.24","837.92","21"
"8/28/2022","22:28:00","1408.6","1196.38","3.2","866.11","21"
"8/28/2022","22:29:00","1441.57","1165.92","1.38","937.88","21"
"8/28/2022","22:30:00","1447.17","1013.51","1.12","767.25","21"
"8/28/2022","22:31:00","1419.62","1094.85","2.61","785.05","21"
"8/28/2022","22:32:00","1405.98","1146.85","2.85","832.03","21"
"8/28/2022","22:33:00","1415.4","1158.98","1.14","1003.76","21"
"8/28/2022","22:34:00","1449.73","1157.65","1.54","880.62","21"
"8/28/2022","22:35:00","1433.22","1142.29","1.91","834.54","21"
"8/28/2022","22:36:00","1408.5","1065.37","1.72","807.43","21"
"8/28/2022","22:37:00","1426.52","1162.58","1.06","846.09","21"
"8/28/2022","22:38:00","1449","1081.01","3.48","853.34","21"
"8/28/2022","22:39:00","1429.33","1083.69","1.14","993.74","14"
"8/28/2022","22:40:00","1436.66","1018.86","1.76","1004.95","14"
"8/28/2022","22:41:00","1407.46","1022.72","2.84","765.93","14"
"8/28/2022","22:42:00","1405.15","1062.4","3.2","928.38","14"
"8/28/2022","22:43:00","1439.49","1020.75","1.2","762.35","14"
"8/28/2022","22:44:00","1438.42","1182.67","2.32","890.4","14"
"8/28/2022","22:45:00","1433.07","1112.32","2.23","1040.86","14"
"8/28/2022","22:46:00","1443.21","1102.75","2.87","969.52","14"
"8/28/2022","22:47:00","1416.45","1053.08","2.26","823.45","14"
"8/28/2022","22:48:00","1408.35","1015.11","1.56","1035.01","14"
"8/28/2022","22:49:00","1424.21","1194.51","2.87","1049.67","14"
"8/28/2022","22:50:00","1417.89","1109.24","2.81","859.37","14"
"8/28/2022","22:51:00","1436.27","1084.07","1.12","880.92","14"
"8/28/2022","22:52:00","1404.84","1153.02","1.53","871.37","14"
"8/28/2022","22:53:00","1449.99","1105.17","1.32","948.47","14"
"8/28/2022","22:54:00","1448.67","1103.3","1.4","884.72","14"
"8/28/2022","22:55:00","1415.09","1156.46","3.35","815.41","14"
"8/28/2022","22:56:00","1422.86","1109.17","2.34","884","14"
"8/28/2022","22:57:00","1437.89","1171.17","1.83","759.33","14"
"8/28/2022","22:58:00","1440.35","1196.23","1.13","866.24","14"
"8/28/2022","22:59:00","1405.76","1086.46","2.93","932.87","14"
"8/28/2022","23:00:00","1443.83","1148.13","2.39","978.77","14"
"8/28/2022","23:01:00","1407.64","1067.48","1.23","877.77","14"
"8/28/2022","23:02:00","1442.2","1064.45","1.92","953.44","14"
"8/28/2022","23:03:00","1433.83","1090.97","3.47","783.24","14"
"8/28/2022","23:04:00","1401.32","1146.88","1.43","808.25","14"
"8/28/2022","23:05:00","1407.48","1109.57","3.35","893.4","14"
"8/28/2022","23:06:00","1448.86","1079.13","3.35","866.29","14"
"8/28/2022","23:07:00","1427.64","1046.68","2.72","1022.63","21"
"8/28/2022","23:08:00","1420.18","1162.27","1.61","948.42","21"
"8/28/2022","23:09:00","1445.1","1180.62","3.36","804.53","21"
"8/28/2022","23:10:00","1411.9","1199.11","2.82","875.45","21"
"8/28/2022","23:11:00","1432.77","1011.41","1.11","849.77","21"
"8/28/2022","23:12:00","1406.49","1162.83","1.91","1014.12","21"
"8/28/2022","23:13:00","1417.44","1175.03","1.36","881.91","21"
"8/28/2022","23:14:00","1413.58","1071.43","3.07","1035.67","21"
"8/28/2022","23:15:00","1449.32","1124.56","3.12","760.4","21"
"8/28/2022","23:16:00","1449.73","1155.37","3.41","787.43","21"
"8/28/2022","23:17:00","1413.63","1091.3","2.43","843.02","21"
"8/28/2022","23:18:00","1429.53","1007.8","2.82","1000.2","21"
"8/28/2022","23:19:00","1417.19","1072.9","2.42","1021.35","21"
"8/28/2022","23:20:00","1414.88","1153.29","2.21","786.85","21"
"8/28/2022","23:21:00","1446.08","1185.27","2.26","949.21","21"
"8/28/2022","23:22:00","1435.36","1170.76","1.07","826.52","21"
"8/28/2022","23:23:00","1418.74","1085.62","2.6","845.51","21"
"8/28/2022","23:24:00","1428.93","1125.95","1.28","753.04","21"
"8/28/2022","23:25:00","1442.79","1065.31","3.12","949.72","21"
"8/28/2022","23:26:00","1417.28","1074.55","2.17","978.98","21"
"8/28/2022","23:27:00","1442.01","1139.79","3.04","982.98","21"
"8/28/2022","23:28:00","1441.62","1185.28","1.93","966.85","21"
"8/28/2022","23:29:00","1422.34","1063.8","2.79","886.86","21"
"8/28/2022","23:30:00","1433.25","1124.22","1.64","982.03","21"
"8/28/2022","23:31:00","1417.85","1189.22","1.21","819.67","21"
"8/28/2022","23:32:00","1406.57","1157.74","1.26","817.68","21"
"8/28/2022","23:33:00","1412.49","1101.17","3.41","833.5","21"
"8/28/2022","23:34:00","1433.77","1059.54","2.43","1041.69","21"
"8/28/2022","23:35:00","1443.21","1052.15","3.12","940.07","21"
"8/28/2022","23:36:00","1417.21","1129.63","3.01","831.59","21"
"8/28/2022","23:37:00","1426.52","1136.28","2.73","818.9","21"
"8/28/2022","23:38:00","1423.28","1100.84","1.18","955.32","21"
"8/28/2022","23:39:00","1406.73","1076.19","3.44","948.9","21"
"8/28/2022","23:40:00","1421.75","1121.4","1.98","978.97","21"
"8/28/2022","23:41:00","1422.85","1023.37","2.86","847.05","21"
"8/28/2022","23:42:00","1431.04","1177.54","1.51","986.75","5"
"8/28/2022","23:43:00","1437.64","1160.39","1.36","950.56","5"
"8/28/2022","23:45:00","1409.54","1120.35","2.31","961.61","5"
"8/28/2022","23:46:00","1443.4","1176.62","2.94","955.98","5"
"8/28/2022","23:47:00","1412.47","1052.75","1.98","779.25","5"
"8/28/2022","23:48:00","1407.92","1198.42","1.06","1045.44","5"
"8/28/2022","23:49:00","1425.71","1199.64","2.48","843.94","5"
"8/28/2022","23:50:00","1403.82","1109.43","1.4","908.2","5"
"8/28/2022","23:51:00","1401.01","1113.74","1.49","917.35","5"
"8/28/2022","23:52:00","1416.9","1052.03","2.62","853.67","5"
"8/28/2022","23:53:00","1422.1","1091.41","2.38","1008.44","5"
"8/28/2022","23:54:00","1424.82","1040.61","1.33","970.89","5"
"8/28/2022","23:55:00","1402.23","1193.37","3.12","971.9","5"
"8/28/2022","23:56:00","1411.44","1199.74","2.05","774.86","5"
"8/28/2022","23:57:00","1401.8","1191.85","2.87","754.57","5"
"8/28/2022","23:58:00","1408.98","1038.75","1.47","1000.76","5"
"8/28/2022","23:59:00","1404.51","1057.08","1.54","838.1","5"